,Algorithm,Dataset,Number of Clusters,Eps,Min_Sample,Silhouette,Execution Time
70,DBScan,Trip Advisor,10,2.2,25,0.5129418585737335,0.09103099995991215
69,DBScan,Trip Advisor,10,2.2,24,0.5129418585737335,0.09170390001963824
72,DBScan,Trip Advisor,10,2.2,27,0.5129418585737335,0.09406370000215247
68,DBScan,Trip Advisor,10,2.2,23,0.5129418585737335,0.0949034999939613
71,DBScan,Trip Advisor,10,2.2,26,0.5129418585737335,0.09508170001208782
16,DBScan,Trip Advisor,10,2.0,21,0.5129418585737335,0.09994869999354705
49,DBScan,Trip Advisor,10,2.1,29,0.5129418585737335,0.10757669998565689
22,DBScan,Trip Advisor,10,2.0,27,0.5129418585737335,0.10758189996704459
67,DBScan,Trip Advisor,10,2.2,22,0.5129418585737335,0.11086570000043139
18,DBScan,Trip Advisor,10,2.0,23,0.5129418585737335,0.11724110000068322
47,DBScan,Trip Advisor,10,2.1,27,0.5129418585737335,0.11921189998975024
23,DBScan,Trip Advisor,10,2.0,28,0.5129418585737335,0.1204823000007309
48,DBScan,Trip Advisor,10,2.1,28,0.5129418585737335,0.12296780000906438
17,DBScan,Trip Advisor,10,2.0,22,0.5129418585737335,0.12807640002574772
40,DBScan,Trip Advisor,10,2.1,20,0.5129418585737335,0.12838030001148582
74,DBScan,Trip Advisor,10,2.2,29,0.5129418585737335,0.1285801000194624
42,DBScan,Trip Advisor,10,2.1,22,0.5129418585737335,0.13021769997430965
19,DBScan,Trip Advisor,10,2.0,24,0.5129418585737335,0.13240480003878474
39,DBScan,Trip Advisor,10,2.1,19,0.5129418585737335,0.1324087000102736
24,DBScan,Trip Advisor,10,2.0,29,0.5129418585737335,0.13414270000066608
41,DBScan,Trip Advisor,10,2.1,21,0.5129418585737335,0.13542369997594506
73,DBScan,Trip Advisor,10,2.2,28,0.5129418585737335,0.1363270000438206
21,DBScan,Trip Advisor,10,2.0,26,0.5129418585737335,0.13699809997342527
44,DBScan,Trip Advisor,10,2.1,24,0.5129418585737335,0.13856140000279993
45,DBScan,Trip Advisor,10,2.1,25,0.5129418585737335,0.140627000015229
46,DBScan,Trip Advisor,10,2.1,26,0.5129418585737335,0.15519679995486513
43,DBScan,Trip Advisor,10,2.1,23,0.5129418585737335,0.156126799993217
15,DBScan,Trip Advisor,10,2.0,20,0.5129418585737335,0.16980480001075193
14,DBScan,Trip Advisor,10,2.0,19,0.5129418585737335,0.177173399948515
20,DBScan,Trip Advisor,10,2.0,25,0.5129418585737335,0.19378309999592602
775,DBScan,Trip Advisor,10,5.100000000000003,5,,0.03147090005222708
975,DBScan,Trip Advisor,10,5.900000000000004,5,,0.032926300016697496
837,DBScan,Trip Advisor,10,5.3000000000000025,17,,0.03310060000512749
715,DBScan,Trip Advisor,10,4.8000000000000025,20,,0.0348175999824889
992,DBScan,Trip Advisor,10,5.900000000000004,22,,0.03524040000047535
758,DBScan,Trip Advisor,10,5.000000000000003,13,,0.03604710003128275
808,DBScan,Trip Advisor,10,5.200000000000003,13,,0.03639149997616187
774,DBScan,Trip Advisor,10,5.000000000000003,29,,0.038433399982750416
800,DBScan,Trip Advisor,10,5.200000000000003,5,,0.03865399997448549
946,DBScan,Trip Advisor,10,5.700000000000003,26,,0.03906690003350377
580,DBScan,Trip Advisor,10,4.3000000000000025,10,,0.03974660002859309
993,DBScan,Trip Advisor,10,5.900000000000004,23,,0.03976439998950809
984,DBScan,Trip Advisor,10,5.900000000000004,14,,0.03985549998469651
782,DBScan,Trip Advisor,10,5.100000000000003,12,,0.04089469998143613
829,DBScan,Trip Advisor,10,5.3000000000000025,9,,0.04111420002300292
776,DBScan,Trip Advisor,10,5.100000000000003,6,,0.041176000027917325
735,DBScan,Trip Advisor,10,4.900000000000002,15,,0.04136339999968186
642,DBScan,Trip Advisor,10,4.500000000000002,22,,0.041644199984148145
698,DBScan,Trip Advisor,10,4.700000000000003,28,,0.04179600003408268
854,DBScan,Trip Advisor,10,5.400000000000003,9,,0.04224350000731647
703,DBScan,Trip Advisor,10,4.8000000000000025,8,,0.04292099998565391
677,DBScan,Trip Advisor,10,4.700000000000003,7,,0.043373399996198714
701,DBScan,Trip Advisor,10,4.8000000000000025,6,,0.04337570001371205
759,DBScan,Trip Advisor,10,5.000000000000003,14,,0.04342729999916628
738,DBScan,Trip Advisor,10,4.900000000000002,18,,0.04359170002862811
887,DBScan,Trip Advisor,10,5.5000000000000036,17,,0.04385220003314316
836,DBScan,Trip Advisor,10,5.3000000000000025,16,,0.04404770000837743
882,DBScan,Trip Advisor,10,5.5000000000000036,12,,0.04420040000695735
702,DBScan,Trip Advisor,10,4.8000000000000025,7,,0.044785299978684634
957,DBScan,Trip Advisor,10,5.800000000000003,12,,0.04480969998985529
924,DBScan,Trip Advisor,10,5.600000000000003,29,,0.04481150000356138
950,DBScan,Trip Advisor,10,5.800000000000003,5,,0.04494130000239238
602,DBScan,Trip Advisor,10,4.400000000000002,7,,0.044985199987422675
717,DBScan,Trip Advisor,10,4.8000000000000025,22,,0.045269499998539686
958,DBScan,Trip Advisor,10,5.800000000000003,13,,0.045400200004223734
879,DBScan,Trip Advisor,10,5.5000000000000036,9,,0.04549370001768693
926,DBScan,Trip Advisor,10,5.700000000000003,6,,0.045810499985236675
719,DBScan,Trip Advisor,10,4.8000000000000025,24,,0.04582860000664368
732,DBScan,Trip Advisor,10,4.900000000000002,12,,0.0462732000160031
880,DBScan,Trip Advisor,10,5.5000000000000036,10,,0.04636039998149499
985,DBScan,Trip Advisor,10,5.900000000000004,15,,0.04650650004623458
737,DBScan,Trip Advisor,10,4.900000000000002,17,,0.046622199995908886
780,DBScan,Trip Advisor,10,5.100000000000003,10,,0.04674630000954494
700,DBScan,Trip Advisor,10,4.8000000000000025,5,,0.04689910000888631
786,DBScan,Trip Advisor,10,5.100000000000003,16,,0.046939299965742975
798,DBScan,Trip Advisor,10,5.100000000000003,28,,0.04695759998867288
731,DBScan,Trip Advisor,10,4.900000000000002,11,,0.04698420001659542
614,DBScan,Trip Advisor,10,4.400000000000002,19,,0.04698630003258586
911,DBScan,Trip Advisor,10,5.600000000000003,16,,0.04743780003627762
983,DBScan,Trip Advisor,10,5.900000000000004,13,,0.047533299948554486
714,DBScan,Trip Advisor,10,4.8000000000000025,19,,0.04754629998933524
733,DBScan,Trip Advisor,10,4.900000000000002,13,,0.047631199995521456
934,DBScan,Trip Advisor,10,5.700000000000003,14,,0.047750000027008355
925,DBScan,Trip Advisor,10,5.700000000000003,5,,0.04793629999039695
705,DBScan,Trip Advisor,10,4.8000000000000025,10,,0.0481279999949038
781,DBScan,Trip Advisor,10,5.100000000000003,11,,0.04813690000446513
994,DBScan,Trip Advisor,10,5.900000000000004,24,,0.048138099955394864
750,DBScan,Trip Advisor,10,5.000000000000003,5,,0.048139299964532256
743,DBScan,Trip Advisor,10,4.900000000000002,23,,0.04820989997824654
707,DBScan,Trip Advisor,10,4.8000000000000025,12,,0.0483523000148125
828,DBScan,Trip Advisor,10,5.3000000000000025,8,,0.048367799958214164
685,DBScan,Trip Advisor,10,4.700000000000003,15,,0.048576600034721196
947,DBScan,Trip Advisor,10,5.700000000000003,27,,0.04867089999606833
708,DBScan,Trip Advisor,10,4.8000000000000025,13,,0.04888369998661801
856,DBScan,Trip Advisor,10,5.400000000000003,11,,0.048899399989750236
997,DBScan,Trip Advisor,10,5.900000000000004,27,,0.0489225999917835
696,DBScan,Trip Advisor,10,4.700000000000003,26,,0.04906950000440702
991,DBScan,Trip Advisor,10,5.900000000000004,21,,0.04916669998783618
752,DBScan,Trip Advisor,10,5.000000000000003,7,,0.04932809999445453
765,DBScan,Trip Advisor,10,5.000000000000003,20,,0.04936659999657422
891,DBScan,Trip Advisor,10,5.5000000000000036,21,,0.04938769998261705
951,DBScan,Trip Advisor,10,5.800000000000003,6,,0.04951390001224354
948,DBScan,Trip Advisor,10,5.700000000000003,28,,0.04957149998517707
652,DBScan,Trip Advisor,10,4.600000000000002,7,,0.04990479996195063
676,DBScan,Trip Advisor,10,4.700000000000003,6,,0.050096700026188046
807,DBScan,Trip Advisor,10,5.200000000000003,12,,0.05031979997875169
845,DBScan,Trip Advisor,10,5.3000000000000025,25,,0.05032429995480925
819,DBScan,Trip Advisor,10,5.200000000000003,24,,0.05032540002139285
890,DBScan,Trip Advisor,10,5.5000000000000036,20,,0.050592999963555485
969,DBScan,Trip Advisor,10,5.800000000000003,24,,0.050855399982538074
846,DBScan,Trip Advisor,10,5.3000000000000025,26,,0.05098770000040531
615,DBScan,Trip Advisor,10,4.400000000000002,20,,0.05105430004186928
815,DBScan,Trip Advisor,10,5.200000000000003,20,,0.051142800017260015
767,DBScan,Trip Advisor,10,5.000000000000003,22,,0.051310300012119114
799,DBScan,Trip Advisor,10,5.100000000000003,29,,0.05132269999012351
834,DBScan,Trip Advisor,10,5.3000000000000025,14,,0.051327900029718876
716,DBScan,Trip Advisor,10,4.8000000000000025,21,,0.05140309996204451
741,DBScan,Trip Advisor,10,4.900000000000002,21,,0.05150930001400411
954,DBScan,Trip Advisor,10,5.800000000000003,9,,0.0516594999935478
938,DBScan,Trip Advisor,10,5.700000000000003,18,,0.05169860000023618
894,DBScan,Trip Advisor,10,5.5000000000000036,24,,0.051785900024697185
734,DBScan,Trip Advisor,10,4.900000000000002,14,,0.05180740001378581
963,DBScan,Trip Advisor,10,5.800000000000003,18,,0.05197129998123273
855,DBScan,Trip Advisor,10,5.400000000000003,10,,0.05197799997404218
866,DBScan,Trip Advisor,10,5.400000000000003,21,,0.05201759998453781
640,DBScan,Trip Advisor,10,4.500000000000002,20,,0.052085099974647164
723,DBScan,Trip Advisor,10,4.8000000000000025,28,,0.05214080004952848
697,DBScan,Trip Advisor,10,4.700000000000003,27,,0.052378499996848404
740,DBScan,Trip Advisor,10,4.900000000000002,20,,0.05238839995581657
973,DBScan,Trip Advisor,10,5.800000000000003,28,,0.05240449996199459
682,DBScan,Trip Advisor,10,4.700000000000003,12,,0.052513299975544214
585,DBScan,Trip Advisor,10,4.3000000000000025,15,,0.05254760000389069
756,DBScan,Trip Advisor,10,5.000000000000003,11,,0.05262100003892556
641,DBScan,Trip Advisor,10,4.500000000000002,21,,0.05283060000510886
858,DBScan,Trip Advisor,10,5.400000000000003,13,,0.05285769997863099
902,DBScan,Trip Advisor,10,5.600000000000003,7,,0.0529804999823682
753,DBScan,Trip Advisor,10,5.000000000000003,8,,0.05300250003347173
670,DBScan,Trip Advisor,10,4.600000000000002,25,,0.053085200022906065
722,DBScan,Trip Advisor,10,4.8000000000000025,27,,0.05309530004160479
821,DBScan,Trip Advisor,10,5.200000000000003,26,,0.05311229999642819
704,DBScan,Trip Advisor,10,4.8000000000000025,9,,0.05327829997986555
907,DBScan,Trip Advisor,10,5.600000000000003,12,,0.05331410001963377
695,DBScan,Trip Advisor,10,4.700000000000003,25,,0.053333899995777756
669,DBScan,Trip Advisor,10,4.600000000000002,24,,0.05336720001650974
970,DBScan,Trip Advisor,10,5.800000000000003,25,,0.05343289999291301
883,DBScan,Trip Advisor,10,5.5000000000000036,13,,0.053457100002560765
699,DBScan,Trip Advisor,10,4.700000000000003,29,,0.0534594000200741
678,DBScan,Trip Advisor,10,4.700000000000003,8,,0.05362269998295233
720,DBScan,Trip Advisor,10,4.8000000000000025,25,,0.05367680004565045
986,DBScan,Trip Advisor,10,5.900000000000004,16,,0.05368439998710528
746,DBScan,Trip Advisor,10,4.900000000000002,26,,0.05377050000242889
906,DBScan,Trip Advisor,10,5.600000000000003,11,,0.05398759996751323
745,DBScan,Trip Advisor,10,4.900000000000002,25,,0.05410769995069131
962,DBScan,Trip Advisor,10,5.800000000000003,17,,0.054153400007635355
667,DBScan,Trip Advisor,10,4.600000000000002,22,,0.054211199982091784
797,DBScan,Trip Advisor,10,5.100000000000003,27,,0.054265999991912395
940,DBScan,Trip Advisor,10,5.700000000000003,20,,0.05444179999176413
627,DBScan,Trip Advisor,10,4.500000000000002,7,,0.05448140000225976
996,DBScan,Trip Advisor,10,5.900000000000004,26,,0.05456860002595931
778,DBScan,Trip Advisor,10,5.100000000000003,8,,0.05472120002377778
770,DBScan,Trip Advisor,10,5.000000000000003,25,,0.0548611999838613
885,DBScan,Trip Advisor,10,5.5000000000000036,15,,0.054991799988783896
622,DBScan,Trip Advisor,10,4.400000000000002,27,,0.05517809995217249
744,DBScan,Trip Advisor,10,4.900000000000002,24,,0.05518099997425452
910,DBScan,Trip Advisor,10,5.600000000000003,15,,0.055205299984663725
643,DBScan,Trip Advisor,10,4.500000000000002,23,,0.05522710003424436
762,DBScan,Trip Advisor,10,5.000000000000003,17,,0.055359199992381036
966,DBScan,Trip Advisor,10,5.800000000000003,21,,0.05537200003163889
694,DBScan,Trip Advisor,10,4.700000000000003,24,,0.055420199991203845
755,DBScan,Trip Advisor,10,5.000000000000003,10,,0.05543419998139143
935,DBScan,Trip Advisor,10,5.700000000000003,15,,0.05544300004839897
718,DBScan,Trip Advisor,10,4.8000000000000025,23,,0.05548730003647506
927,DBScan,Trip Advisor,10,5.700000000000003,7,,0.05552170000737533
959,DBScan,Trip Advisor,10,5.800000000000003,14,,0.05553970002802089
789,DBScan,Trip Advisor,10,5.100000000000003,19,,0.055554900027345866
650,DBScan,Trip Advisor,10,4.600000000000002,5,,0.05556050001177937
893,DBScan,Trip Advisor,10,5.5000000000000036,23,,0.05559180001728237
604,DBScan,Trip Advisor,10,4.400000000000002,9,,0.05562100000679493
841,DBScan,Trip Advisor,10,5.3000000000000025,21,,0.05563870002515614
739,DBScan,Trip Advisor,10,4.900000000000002,19,,0.05581839999649674
766,DBScan,Trip Advisor,10,5.000000000000003,21,,0.05582509998930618
592,DBScan,Trip Advisor,10,4.3000000000000025,22,,0.05595089995767921
900,DBScan,Trip Advisor,10,5.600000000000003,5,,0.056021700031124055
838,DBScan,Trip Advisor,10,5.3000000000000025,18,,0.056030699983239174
936,DBScan,Trip Advisor,10,5.700000000000003,16,,0.0560593000263907
851,DBScan,Trip Advisor,10,5.400000000000003,6,,0.056159599975217134
710,DBScan,Trip Advisor,10,4.8000000000000025,15,,0.05616720003308728
761,DBScan,Trip Advisor,10,5.000000000000003,16,,0.05617349996464327
777,DBScan,Trip Advisor,10,5.100000000000003,7,,0.05620049999561161
865,DBScan,Trip Advisor,10,5.400000000000003,20,,0.0562585000297986
626,DBScan,Trip Advisor,10,4.500000000000002,6,,0.05627330002607778
825,DBScan,Trip Advisor,10,5.3000000000000025,5,,0.05632350000087172
779,DBScan,Trip Advisor,10,5.100000000000003,9,,0.05636019998928532
874,DBScan,Trip Advisor,10,5.400000000000003,29,,0.05645640002330765
760,DBScan,Trip Advisor,10,5.000000000000003,15,,0.05648130003828555
839,DBScan,Trip Advisor,10,5.3000000000000025,19,,0.056513399991672486
757,DBScan,Trip Advisor,10,5.000000000000003,12,,0.05659170000581071
660,DBScan,Trip Advisor,10,4.600000000000002,15,,0.0566164999618195
633,DBScan,Trip Advisor,10,4.500000000000002,13,,0.05668209999566898
679,DBScan,Trip Advisor,10,4.700000000000003,9,,0.05669619998661801
814,DBScan,Trip Advisor,10,5.200000000000003,19,,0.0567665999988094
653,DBScan,Trip Advisor,10,4.600000000000002,8,,0.056794999982230365
981,DBScan,Trip Advisor,10,5.900000000000004,11,,0.056925600045360625
632,DBScan,Trip Advisor,10,4.500000000000002,12,,0.05695110000669956
977,DBScan,Trip Advisor,10,5.900000000000004,7,,0.057051300012972206
976,DBScan,Trip Advisor,10,5.900000000000004,6,,0.05707879998954013
634,DBScan,Trip Advisor,10,4.500000000000002,14,,0.057119400007650256
649,DBScan,Trip Advisor,10,4.500000000000002,29,,0.05713820003438741
919,DBScan,Trip Advisor,10,5.600000000000003,24,,0.057155299989972264
726,DBScan,Trip Advisor,10,4.900000000000002,6,,0.05716940003912896
956,DBScan,Trip Advisor,10,5.800000000000003,11,,0.0572142000310123
899,DBScan,Trip Advisor,10,5.5000000000000036,29,,0.05734600004507229
689,DBScan,Trip Advisor,10,4.700000000000003,19,,0.05742789997020736
724,DBScan,Trip Advisor,10,4.8000000000000025,29,,0.05755839997436851
651,DBScan,Trip Advisor,10,4.600000000000002,6,,0.05757030000677332
638,DBScan,Trip Advisor,10,4.500000000000002,18,,0.057593800011090934
687,DBScan,Trip Advisor,10,4.700000000000003,17,,0.057657199969980866
639,DBScan,Trip Advisor,10,4.500000000000002,19,,0.05772739998064935
603,DBScan,Trip Advisor,10,4.400000000000002,8,,0.057765399978961796
749,DBScan,Trip Advisor,10,4.900000000000002,29,,0.057872099976520985
889,DBScan,Trip Advisor,10,5.5000000000000036,19,,0.05810700001893565
978,DBScan,Trip Advisor,10,5.900000000000004,8,,0.05811599997105077
908,DBScan,Trip Advisor,10,5.600000000000003,13,,0.058199800027068704
801,DBScan,Trip Advisor,10,5.200000000000003,6,,0.05825359997106716
955,DBScan,Trip Advisor,10,5.800000000000003,10,,0.058481100015342236
939,DBScan,Trip Advisor,10,5.700000000000003,19,,0.058549100009258837
898,DBScan,Trip Advisor,10,5.5000000000000036,28,,0.058567200030665845
763,DBScan,Trip Advisor,10,5.000000000000003,18,,0.05871430004481226
884,DBScan,Trip Advisor,10,5.5000000000000036,14,,0.05872680002357811
871,DBScan,Trip Advisor,10,5.400000000000003,26,,0.05874310003127903
857,DBScan,Trip Advisor,10,5.400000000000003,12,,0.05897820001700893
773,DBScan,Trip Advisor,10,5.000000000000003,28,,0.059103299980051816
805,DBScan,Trip Advisor,10,5.200000000000003,10,,0.05930690001696348
764,DBScan,Trip Advisor,10,5.000000000000003,19,,0.05931729997973889
675,DBScan,Trip Advisor,10,4.700000000000003,5,,0.059351999952923506
861,DBScan,Trip Advisor,10,5.400000000000003,16,,0.059382200008258224
672,DBScan,Trip Advisor,10,4.600000000000002,27,,0.05944310000631958
674,DBScan,Trip Advisor,10,4.600000000000002,29,,0.05959130002884194
729,DBScan,Trip Advisor,10,4.900000000000002,9,,0.05962869996437803
901,DBScan,Trip Advisor,10,5.600000000000003,6,,0.059846999996807426
601,DBScan,Trip Advisor,10,4.400000000000002,6,,0.05987050000112504
648,DBScan,Trip Advisor,10,4.500000000000002,28,,0.060177700011990964
892,DBScan,Trip Advisor,10,5.5000000000000036,22,,0.060193700017407537
742,DBScan,Trip Advisor,10,4.900000000000002,22,,0.06019859999651089
860,DBScan,Trip Advisor,10,5.400000000000003,15,,0.060205900052096695
903,DBScan,Trip Advisor,10,5.600000000000003,8,,0.06024249998154119
754,DBScan,Trip Advisor,10,5.000000000000003,9,,0.06028769997647032
630,DBScan,Trip Advisor,10,4.500000000000002,10,,0.06035590003011748
629,DBScan,Trip Advisor,10,4.500000000000002,9,,0.060417699976824224
587,DBScan,Trip Advisor,10,4.3000000000000025,17,,0.06047510000644252
712,DBScan,Trip Advisor,10,4.8000000000000025,17,,0.0604837000137195
730,DBScan,Trip Advisor,10,4.900000000000002,10,,0.06052850000560284
748,DBScan,Trip Advisor,10,4.900000000000002,28,,0.06057669996516779
654,DBScan,Trip Advisor,10,4.600000000000002,9,,0.06062320002820343
878,DBScan,Trip Advisor,10,5.5000000000000036,8,,0.060654399974737316
835,DBScan,Trip Advisor,10,5.3000000000000025,15,,0.06065669999225065
665,DBScan,Trip Advisor,10,4.600000000000002,20,,0.060668099962640554
869,DBScan,Trip Advisor,10,5.400000000000003,24,,0.06069649994606152
989,DBScan,Trip Advisor,10,5.900000000000004,19,,0.06100790004711598
921,DBScan,Trip Advisor,10,5.600000000000003,26,,0.06111749995034188
812,DBScan,Trip Advisor,10,5.200000000000003,17,,0.06113070005085319
870,DBScan,Trip Advisor,10,5.400000000000003,25,,0.06125810003140941
751,DBScan,Trip Advisor,10,5.000000000000003,6,,0.06130729999858886
830,DBScan,Trip Advisor,10,5.3000000000000025,10,,0.06154329999117181
577,DBScan,Trip Advisor,10,4.3000000000000025,7,,0.0616071000113152
680,DBScan,Trip Advisor,10,4.700000000000003,10,,0.06167199998162687
867,DBScan,Trip Advisor,10,5.400000000000003,22,,0.061709399975370616
843,DBScan,Trip Advisor,10,5.3000000000000025,23,,0.06189519999315962
942,DBScan,Trip Advisor,10,5.700000000000003,22,,0.06190299999434501
783,DBScan,Trip Advisor,10,5.100000000000003,13,,0.0621089999913238
655,DBScan,Trip Advisor,10,4.600000000000002,10,,0.062124299991410226
810,DBScan,Trip Advisor,10,5.200000000000003,15,,0.06212650000816211
844,DBScan,Trip Advisor,10,5.3000000000000025,24,,0.06215009995503351
727,DBScan,Trip Advisor,10,4.900000000000002,7,,0.06218910001916811
709,DBScan,Trip Advisor,10,4.8000000000000025,14,,0.06221379997441545
671,DBScan,Trip Advisor,10,4.600000000000002,26,,0.062257800018414855
690,DBScan,Trip Advisor,10,4.700000000000003,20,,0.062343700032215565
792,DBScan,Trip Advisor,10,5.100000000000003,22,,0.06252219999441877
606,DBScan,Trip Advisor,10,4.400000000000002,11,,0.06255820003570989
816,DBScan,Trip Advisor,10,5.200000000000003,21,,0.0625679999939166
725,DBScan,Trip Advisor,10,4.900000000000002,5,,0.06262739998055622
673,DBScan,Trip Advisor,10,4.600000000000002,28,,0.06270389998098835
692,DBScan,Trip Advisor,10,4.700000000000003,22,,0.06273180001880974
826,DBScan,Trip Advisor,10,5.3000000000000025,6,,0.0627496000379324
728,DBScan,Trip Advisor,10,4.900000000000002,8,,0.06275729998014867
852,DBScan,Trip Advisor,10,5.400000000000003,7,,0.06276489997981116
998,DBScan,Trip Advisor,10,5.900000000000004,28,,0.06283190002432093
691,DBScan,Trip Advisor,10,4.700000000000003,21,,0.06285309995291755
616,DBScan,Trip Advisor,10,4.400000000000002,21,,0.06288160005351529
635,DBScan,Trip Advisor,10,4.500000000000002,15,,0.06288710003718734
612,DBScan,Trip Advisor,10,4.400000000000002,17,,0.06316969997715205
873,DBScan,Trip Advisor,10,5.400000000000003,28,,0.06318629998713732
979,DBScan,Trip Advisor,10,5.900000000000004,9,,0.06330189999425784
965,DBScan,Trip Advisor,10,5.800000000000003,20,,0.06330669997259974
853,DBScan,Trip Advisor,10,5.400000000000003,8,,0.0633488999446854
872,DBScan,Trip Advisor,10,5.400000000000003,27,,0.06336390000069514
713,DBScan,Trip Advisor,10,4.8000000000000025,18,,0.06346460001077503
915,DBScan,Trip Advisor,10,5.600000000000003,20,,0.0635304000461474
818,DBScan,Trip Advisor,10,5.200000000000003,23,,0.06356320000486448
896,DBScan,Trip Advisor,10,5.5000000000000036,26,,0.0636219999869354
586,DBScan,Trip Advisor,10,4.3000000000000025,16,,0.063629399985075
591,DBScan,Trip Advisor,10,4.3000000000000025,21,,0.06368820002535358
832,DBScan,Trip Advisor,10,5.3000000000000025,12,,0.06379710003966466
961,DBScan,Trip Advisor,10,5.800000000000003,16,,0.06383589998586103
621,DBScan,Trip Advisor,10,4.400000000000002,26,,0.06391300004906952
930,DBScan,Trip Advisor,10,5.700000000000003,10,,0.06391319999238476
945,DBScan,Trip Advisor,10,5.700000000000003,25,,0.06406390003394336
681,DBScan,Trip Advisor,10,4.700000000000003,11,,0.06467990000965074
688,DBScan,Trip Advisor,10,4.700000000000003,18,,0.06479450000915676
711,DBScan,Trip Advisor,10,4.8000000000000025,16,,0.06498570000985637
995,DBScan,Trip Advisor,10,5.900000000000004,25,,0.06517160002840683
772,DBScan,Trip Advisor,10,5.000000000000003,27,,0.0652004000148736
817,DBScan,Trip Advisor,10,5.200000000000003,22,,0.06522759998915717
868,DBScan,Trip Advisor,10,5.400000000000003,23,,0.06524830003036186
631,DBScan,Trip Advisor,10,4.500000000000002,11,,0.06541510001989082
904,DBScan,Trip Advisor,10,5.600000000000003,9,,0.06542170001193881
645,DBScan,Trip Advisor,10,4.500000000000002,25,,0.06579069996951148
850,DBScan,Trip Advisor,10,5.400000000000003,5,,0.06595910002943128
831,DBScan,Trip Advisor,10,5.3000000000000025,11,,0.0659635000047274
605,DBScan,Trip Advisor,10,4.400000000000002,10,,0.06602090003434569
881,DBScan,Trip Advisor,10,5.5000000000000036,11,,0.06615999998757616
693,DBScan,Trip Advisor,10,4.700000000000003,23,,0.06616530002793297
625,DBScan,Trip Advisor,10,4.500000000000002,5,,0.06629330001305789
895,DBScan,Trip Advisor,10,5.5000000000000036,25,,0.06651690002763644
813,DBScan,Trip Advisor,10,5.200000000000003,18,,0.06651890004286543
666,DBScan,Trip Advisor,10,4.600000000000002,21,,0.06658619997324422
721,DBScan,Trip Advisor,10,4.8000000000000025,26,,0.0666563999839127
613,DBScan,Trip Advisor,10,4.400000000000002,18,,0.06670329999178648
809,DBScan,Trip Advisor,10,5.200000000000003,14,,0.06729540001833811
932,DBScan,Trip Advisor,10,5.700000000000003,12,,0.06741659995168447
623,DBScan,Trip Advisor,10,4.400000000000002,28,,0.06758420000551268
804,DBScan,Trip Advisor,10,5.200000000000003,9,,0.0678358000004664
980,DBScan,Trip Advisor,10,5.900000000000004,10,,0.06794579996494576
584,DBScan,Trip Advisor,10,4.3000000000000025,14,,0.06802309997146949
988,DBScan,Trip Advisor,10,5.900000000000004,18,,0.06802990002324805
593,DBScan,Trip Advisor,10,4.3000000000000025,23,,0.0682828999706544
589,DBScan,Trip Advisor,10,4.3000000000000025,19,,0.0683500999584794
848,DBScan,Trip Advisor,10,5.3000000000000025,28,,0.06850379996467382
875,DBScan,Trip Advisor,10,5.5000000000000036,5,,0.06851400004234165
849,DBScan,Trip Advisor,10,5.3000000000000025,29,,0.06856499996501952
706,DBScan,Trip Advisor,10,4.8000000000000025,11,,0.06861719995504245
793,DBScan,Trip Advisor,10,5.100000000000003,23,,0.06865420000394806
583,DBScan,Trip Advisor,10,4.3000000000000025,13,,0.0687233000062406
806,DBScan,Trip Advisor,10,5.200000000000003,11,,0.06875119998585433
636,DBScan,Trip Advisor,10,4.500000000000002,16,,0.0689284999971278
569,DBScan,Trip Advisor,10,4.200000000000002,24,,0.0689344999846071
617,DBScan,Trip Advisor,10,4.400000000000002,22,,0.06893799995305017
608,DBScan,Trip Advisor,10,4.400000000000002,13,,0.06896809994941577
802,DBScan,Trip Advisor,10,5.200000000000003,7,,0.06905579997692257
590,DBScan,Trip Advisor,10,4.3000000000000025,20,,0.06906030001118779
647,DBScan,Trip Advisor,10,4.500000000000002,27,,0.06908970000222325
637,DBScan,Trip Advisor,10,4.500000000000002,17,,0.06911410001339391
668,DBScan,Trip Advisor,10,4.600000000000002,23,,0.0692214000155218
820,DBScan,Trip Advisor,10,5.200000000000003,25,,0.06922189996112138
598,DBScan,Trip Advisor,10,4.3000000000000025,28,,0.06936349999159575
658,DBScan,Trip Advisor,10,4.600000000000002,13,,0.06947690004017204
611,DBScan,Trip Advisor,10,4.400000000000002,16,,0.06958860001759604
931,DBScan,Trip Advisor,10,5.700000000000003,11,,0.06985520001035184
917,DBScan,Trip Advisor,10,5.600000000000003,22,,0.06986739998683333
803,DBScan,Trip Advisor,10,5.200000000000003,8,,0.06990300002507865
847,DBScan,Trip Advisor,10,5.3000000000000025,27,,0.07024359999923036
661,DBScan,Trip Advisor,10,4.600000000000002,16,,0.07030219997977838
628,DBScan,Trip Advisor,10,4.500000000000002,8,,0.07034819998079911
747,DBScan,Trip Advisor,10,4.900000000000002,27,,0.0703563999850303
683,DBScan,Trip Advisor,10,4.700000000000003,13,,0.07101060001878068
609,DBScan,Trip Advisor,10,4.400000000000002,14,,0.07121449999976903
644,DBScan,Trip Advisor,10,4.500000000000002,24,,0.0712673999951221
859,DBScan,Trip Advisor,10,5.400000000000003,14,,0.07167030003620312
768,DBScan,Trip Advisor,10,5.000000000000003,23,,0.0721925999969244
684,DBScan,Trip Advisor,10,4.700000000000003,14,,0.07220960000995547
686,DBScan,Trip Advisor,10,4.700000000000003,16,,0.0723604999948293
656,DBScan,Trip Advisor,10,4.600000000000002,11,,0.07248069997876883
794,DBScan,Trip Advisor,10,5.100000000000003,24,,0.07264139998005703
785,DBScan,Trip Advisor,10,5.100000000000003,15,,0.07276240002829581
588,DBScan,Trip Advisor,10,4.3000000000000025,18,,0.07284710003295913
833,DBScan,Trip Advisor,10,5.3000000000000025,13,,0.07313169998815283
663,DBScan,Trip Advisor,10,4.600000000000002,18,,0.07320579997031018
624,DBScan,Trip Advisor,10,4.400000000000002,29,,0.07341000001179054
618,DBScan,Trip Advisor,10,4.400000000000002,23,,0.0734655000269413
916,DBScan,Trip Advisor,10,5.600000000000003,21,,0.07370309997349977
600,DBScan,Trip Advisor,10,4.400000000000002,5,,0.07411669997964054
842,DBScan,Trip Advisor,10,5.3000000000000025,22,,0.07415149995358661
784,DBScan,Trip Advisor,10,5.100000000000003,14,,0.07424330001231283
568,DBScan,Trip Advisor,10,4.200000000000002,23,,0.07464349997462705
788,DBScan,Trip Advisor,10,5.100000000000003,18,,0.07485669996822253
905,DBScan,Trip Advisor,10,5.600000000000003,10,,0.0753876999951899
646,DBScan,Trip Advisor,10,4.500000000000002,26,,0.07541709998622537
607,DBScan,Trip Advisor,10,4.400000000000002,12,,0.07543389999773353
581,DBScan,Trip Advisor,10,4.3000000000000025,11,,0.07545199996093288
888,DBScan,Trip Advisor,10,5.5000000000000036,18,,0.07547869998961687
736,DBScan,Trip Advisor,10,4.900000000000002,16,,0.07552219997160137
567,DBScan,Trip Advisor,10,4.200000000000002,22,,0.07578139996621758
827,DBScan,Trip Advisor,10,5.3000000000000025,7,,0.07583320001140237
990,DBScan,Trip Advisor,10,5.900000000000004,20,,0.07600519998231903
944,DBScan,Trip Advisor,10,5.700000000000003,24,,0.07629500003531575
811,DBScan,Trip Advisor,10,5.200000000000003,16,,0.07635869999649003
570,DBScan,Trip Advisor,10,4.200000000000002,25,,0.07639589998871088
877,DBScan,Trip Advisor,10,5.5000000000000036,7,,0.07662589999381453
483,DBScan,Trip Advisor,10,3.9000000000000017,13,,0.07665039994753897
547,DBScan,Trip Advisor,10,4.100000000000001,27,,0.0767104999977164
949,DBScan,Trip Advisor,10,5.700000000000003,29,,0.07683279999764636
664,DBScan,Trip Advisor,10,4.600000000000002,19,,0.07696619996568188
771,DBScan,Trip Advisor,10,5.000000000000003,26,,0.07711279997602105
576,DBScan,Trip Advisor,10,4.3000000000000025,6,,0.07754029997158796
564,DBScan,Trip Advisor,10,4.200000000000002,19,,0.07756929995957762
840,DBScan,Trip Advisor,10,5.3000000000000025,20,,0.07783679995918646
558,DBScan,Trip Advisor,10,4.200000000000002,13,,0.0781880000140518
982,DBScan,Trip Advisor,10,5.900000000000004,12,,0.07836030004546046
539,DBScan,Trip Advisor,10,4.100000000000001,19,,0.07838740001898259
565,DBScan,Trip Advisor,10,4.200000000000002,20,,0.07847499998752028
824,DBScan,Trip Advisor,10,5.200000000000003,29,,0.07864839996909723
594,DBScan,Trip Advisor,10,4.3000000000000025,24,,0.07871040003374219
560,DBScan,Trip Advisor,10,4.200000000000002,15,,0.07873509998898953
864,DBScan,Trip Advisor,10,5.400000000000003,19,,0.07913120003649965
476,DBScan,Trip Advisor,10,3.9000000000000017,6,,0.07919989997753873
876,DBScan,Trip Advisor,10,5.5000000000000036,6,,0.07947329996386543
566,DBScan,Trip Advisor,10,4.200000000000002,21,,0.07965369999874383
972,DBScan,Trip Advisor,10,5.800000000000003,27,,0.07988530001603067
918,DBScan,Trip Advisor,10,5.600000000000003,23,,0.07992819999344647
105,DBScan,Trip Advisor,10,2.4000000000000004,10,,0.08024009998189285
542,DBScan,Trip Advisor,10,4.100000000000001,22,,0.08034470002166927
561,DBScan,Trip Advisor,10,4.200000000000002,16,,0.08059680002043024
795,DBScan,Trip Advisor,10,5.100000000000003,25,,0.08062570000765845
527,DBScan,Trip Advisor,10,4.100000000000001,7,,0.08132400002796203
506,DBScan,Trip Advisor,10,4.000000000000002,11,,0.08153339999262244
909,DBScan,Trip Advisor,10,5.600000000000003,14,,0.08153999998467043
552,DBScan,Trip Advisor,10,4.200000000000002,7,,0.08167970000067726
571,DBScan,Trip Advisor,10,4.200000000000002,26,,0.08190689998446032
460,DBScan,Trip Advisor,10,3.8000000000000016,15,,0.08207830000901595
937,DBScan,Trip Advisor,10,5.700000000000003,17,,0.08222009998280555
862,DBScan,Trip Advisor,10,5.400000000000003,17,,0.08234590000938624
550,DBScan,Trip Advisor,10,4.200000000000002,5,,0.08242859999882057
415,DBScan,Trip Advisor,10,3.6000000000000014,20,,0.08247940003639087
113,DBScan,Trip Advisor,10,2.4000000000000004,18,,0.08278960001189262
562,DBScan,Trip Advisor,10,4.200000000000002,17,,0.08288429997628555
610,DBScan,Trip Advisor,10,4.400000000000002,15,,0.08318429999053478
922,DBScan,Trip Advisor,10,5.600000000000003,27,,0.08387859998038039
923,DBScan,Trip Advisor,10,5.600000000000003,28,,0.08388909994391724
791,DBScan,Trip Advisor,10,5.100000000000003,21,,0.0839381999685429
573,DBScan,Trip Advisor,10,4.200000000000002,28,,0.08426510001299903
599,DBScan,Trip Advisor,10,4.3000000000000025,29,,0.08440019999397919
109,DBScan,Trip Advisor,10,2.4000000000000004,14,,0.08459510002285242
796,DBScan,Trip Advisor,10,5.100000000000003,26,,0.08460860000923276
541,DBScan,Trip Advisor,10,4.100000000000001,21,,0.08474329998716712
620,DBScan,Trip Advisor,10,4.400000000000002,25,,0.08481220004614443
863,DBScan,Trip Advisor,10,5.400000000000003,18,,0.08486569998785853
659,DBScan,Trip Advisor,10,4.600000000000002,14,,0.08501090004574507
769,DBScan,Trip Advisor,10,5.000000000000003,24,,0.08506389998365194
822,DBScan,Trip Advisor,10,5.200000000000003,27,,0.08512529998552054
967,DBScan,Trip Advisor,10,5.800000000000003,22,,0.08536949998233467
787,DBScan,Trip Advisor,10,5.100000000000003,17,,0.08537619997514412
540,DBScan,Trip Advisor,10,4.100000000000001,20,,0.08570960001088679
575,DBScan,Trip Advisor,10,4.3000000000000025,5,,0.08607880002819002
555,DBScan,Trip Advisor,10,4.200000000000002,10,,0.08625489997211844
582,DBScan,Trip Advisor,10,4.3000000000000025,12,,0.08653999998932704
657,DBScan,Trip Advisor,10,4.600000000000002,12,,0.08692660002270713
914,DBScan,Trip Advisor,10,5.600000000000003,19,,0.08698910003295168
790,DBScan,Trip Advisor,10,5.100000000000003,20,,0.08744289999594912
375,DBScan,Trip Advisor,10,3.5000000000000013,5,,0.08788200002163649
468,DBScan,Trip Advisor,10,3.8000000000000016,23,,0.08810009999433532
437,DBScan,Trip Advisor,10,3.7000000000000015,17,,0.0881605000467971
595,DBScan,Trip Advisor,10,4.3000000000000025,25,,0.08816659997683018
662,DBScan,Trip Advisor,10,4.600000000000002,17,,0.08893530000932515
933,DBScan,Trip Advisor,10,5.700000000000003,13,,0.0889403999899514
418,DBScan,Trip Advisor,10,3.6000000000000014,23,,0.08896419999655336
941,DBScan,Trip Advisor,10,5.700000000000003,21,,0.08922239998355508
574,DBScan,Trip Advisor,10,4.200000000000002,29,,0.0894496000255458
563,DBScan,Trip Advisor,10,4.200000000000002,18,,0.08973100001458079
619,DBScan,Trip Advisor,10,4.400000000000002,24,,0.08978509996086359
897,DBScan,Trip Advisor,10,5.5000000000000036,27,,0.0899650999926962
549,DBScan,Trip Advisor,10,4.100000000000001,29,,0.09017019998282194
435,DBScan,Trip Advisor,10,3.7000000000000015,15,,0.09028120001312345
104,DBScan,Trip Advisor,10,2.4000000000000004,9,,0.09095849998993799
578,DBScan,Trip Advisor,10,4.3000000000000025,8,,0.09125900000799447
477,DBScan,Trip Advisor,10,3.9000000000000017,7,,0.09129690000554547
943,DBScan,Trip Advisor,10,5.700000000000003,23,,0.09130869997898117
469,DBScan,Trip Advisor,10,3.8000000000000016,24,,0.09210589999565855
579,DBScan,Trip Advisor,10,4.3000000000000025,9,,0.09214629995403811
107,DBScan,Trip Advisor,10,2.4000000000000004,12,,0.09220079996157438
999,DBScan,Trip Advisor,10,5.900000000000004,29,,0.0928872000076808
920,DBScan,Trip Advisor,10,5.600000000000003,25,,0.09293329995125532
538,DBScan,Trip Advisor,10,4.100000000000001,18,,0.0929819000302814
513,DBScan,Trip Advisor,10,4.000000000000002,18,,0.0931107000214979
112,DBScan,Trip Advisor,10,2.4000000000000004,17,,0.09381190000567585
545,DBScan,Trip Advisor,10,4.100000000000001,25,,0.09408090001670644
500,DBScan,Trip Advisor,10,4.000000000000002,5,,0.0941776999970898
471,DBScan,Trip Advisor,10,3.8000000000000016,26,,0.09421030001249164
546,DBScan,Trip Advisor,10,4.100000000000001,26,,0.09438050002790987
912,DBScan,Trip Advisor,10,5.600000000000003,17,,0.0944883999763988
531,DBScan,Trip Advisor,10,4.100000000000001,11,,0.0945507000433281
467,DBScan,Trip Advisor,10,3.8000000000000016,22,,0.09474460000637919
572,DBScan,Trip Advisor,10,4.200000000000002,27,,0.09499209997011349
597,DBScan,Trip Advisor,10,4.3000000000000025,27,,0.09511829999973997
238,DBScan,Trip Advisor,10,2.900000000000001,18,,0.09514689998468384
526,DBScan,Trip Advisor,10,4.100000000000001,6,,0.0951828999677673
419,DBScan,Trip Advisor,10,3.6000000000000014,24,,0.0957367000519298
108,DBScan,Trip Advisor,10,2.4000000000000004,13,,0.09584520000498742
553,DBScan,Trip Advisor,10,4.200000000000002,8,,0.09619489999022335
103,DBScan,Trip Advisor,10,2.4000000000000004,8,,0.09622470004251227
551,DBScan,Trip Advisor,10,4.200000000000002,6,,0.09635180002078414
203,DBScan,Trip Advisor,10,2.8000000000000007,8,,0.09657640004297718
960,DBScan,Trip Advisor,10,5.800000000000003,15,,0.09660099999746308
529,DBScan,Trip Advisor,10,4.100000000000001,9,,0.09691149997524917
337,DBScan,Trip Advisor,10,3.300000000000001,17,,0.09691589995054528
154,DBScan,Trip Advisor,10,2.6000000000000005,9,,0.09702759998617694
436,DBScan,Trip Advisor,10,3.7000000000000015,16,,0.0970874999766238
457,DBScan,Trip Advisor,10,3.8000000000000016,12,,0.09710209997138008
458,DBScan,Trip Advisor,10,3.8000000000000016,13,,0.09717870003078133
110,DBScan,Trip Advisor,10,2.4000000000000004,15,,0.09747440001228824
507,DBScan,Trip Advisor,10,4.000000000000002,12,,0.09820670000044629
968,DBScan,Trip Advisor,10,5.800000000000003,23,,0.09842110000317916
528,DBScan,Trip Advisor,10,4.100000000000001,8,,0.09845089999726042
414,DBScan,Trip Advisor,10,3.6000000000000014,19,,0.09850930003449321
363,DBScan,Trip Advisor,10,3.4000000000000012,18,,0.0985847000265494
366,DBScan,Trip Advisor,10,3.4000000000000012,21,,0.09875539998756722
517,DBScan,Trip Advisor,10,4.000000000000002,22,,0.0989566000062041
523,DBScan,Trip Advisor,10,4.000000000000002,28,,0.0994034000323154
29,DBScan,Trip Advisor,10,2.1,9,,0.09941890003392473
114,DBScan,Trip Advisor,10,2.4000000000000004,19,,0.0999292999622412
370,DBScan,Trip Advisor,10,3.4000000000000012,25,,0.1000787999946624
30,DBScan,Trip Advisor,10,2.1,10,,0.1001543999882415
504,DBScan,Trip Advisor,10,4.000000000000002,9,,0.1001976000261493
420,DBScan,Trip Advisor,10,3.6000000000000014,25,,0.10039609996601939
557,DBScan,Trip Advisor,10,4.200000000000002,12,,0.10043150000274181
974,DBScan,Trip Advisor,10,5.800000000000003,29,,0.10056539997458458
512,DBScan,Trip Advisor,10,4.000000000000002,17,,0.1006576000363566
259,DBScan,Trip Advisor,10,3.000000000000001,14,,0.10075320000760257
525,DBScan,Trip Advisor,10,4.100000000000001,5,,0.10077169997384772
532,DBScan,Trip Advisor,10,4.100000000000001,12,,0.1008119999896735
929,DBScan,Trip Advisor,10,5.700000000000003,9,,0.10081849998096004
111,DBScan,Trip Advisor,10,2.4000000000000004,16,,0.10127240000292659
505,DBScan,Trip Advisor,10,4.000000000000002,10,,0.1012881999486126
442,DBScan,Trip Advisor,10,3.7000000000000015,22,,0.10145840002223849
489,DBScan,Trip Advisor,10,3.9000000000000017,19,,0.10146670002723113
535,DBScan,Trip Advisor,10,4.100000000000001,15,,0.10154060000786558
530,DBScan,Trip Advisor,10,4.100000000000001,10,,0.10166470002150163
439,DBScan,Trip Advisor,10,3.7000000000000015,19,,0.10173100000247359
355,DBScan,Trip Advisor,10,3.4000000000000012,10,,0.10190519999014214
440,DBScan,Trip Advisor,10,3.7000000000000015,20,,0.10197009996045381
173,DBScan,Trip Advisor,10,2.6000000000000005,28,,0.1020227000117302
434,DBScan,Trip Advisor,10,3.7000000000000015,14,,0.10205210000276566
172,DBScan,Trip Advisor,10,2.6000000000000005,27,,0.10225620004348457
106,DBScan,Trip Advisor,10,2.4000000000000004,11,,0.1023198000038974
493,DBScan,Trip Advisor,10,3.9000000000000017,23,,0.10257490002550185
454,DBScan,Trip Advisor,10,3.8000000000000016,9,,0.10272789996815845
441,DBScan,Trip Advisor,10,3.7000000000000015,21,,0.10277370002586395
396,DBScan,Trip Advisor,10,3.5000000000000013,26,,0.10279430000809953
465,DBScan,Trip Advisor,10,3.8000000000000016,20,,0.10308430000441149
501,DBScan,Trip Advisor,10,4.000000000000002,6,,0.10338500002399087
202,DBScan,Trip Advisor,10,2.8000000000000007,7,,0.10361039999406785
378,DBScan,Trip Advisor,10,3.5000000000000013,8,,0.10374079999746755
596,DBScan,Trip Advisor,10,4.3000000000000025,26,,0.1040066999848932
358,DBScan,Trip Advisor,10,3.4000000000000012,13,,0.10402369999792427
417,DBScan,Trip Advisor,10,3.6000000000000014,22,,0.104125700017903
361,DBScan,Trip Advisor,10,3.4000000000000012,16,,0.10416069999337196
438,DBScan,Trip Advisor,10,3.7000000000000015,18,,0.10424680000869557
379,DBScan,Trip Advisor,10,3.5000000000000013,9,,0.1044228000100702
432,DBScan,Trip Advisor,10,3.7000000000000015,12,,0.10449430003063753
508,DBScan,Trip Advisor,10,4.000000000000002,13,,0.1045536000165157
413,DBScan,Trip Advisor,10,3.6000000000000014,18,,0.1046479000360705
953,DBScan,Trip Advisor,10,5.800000000000003,8,,0.10471619997406378
421,DBScan,Trip Advisor,10,3.6000000000000014,26,,0.1048148000263609
324,DBScan,Trip Advisor,10,3.200000000000001,29,,0.10497300000861287
514,DBScan,Trip Advisor,10,4.000000000000002,19,,0.10510839999187738
554,DBScan,Trip Advisor,10,4.200000000000002,9,,0.10530599998310208
364,DBScan,Trip Advisor,10,3.4000000000000012,19,,0.1053228999953717
167,DBScan,Trip Advisor,10,2.6000000000000005,22,,0.10539949999656528
26,DBScan,Trip Advisor,10,2.1,6,,0.1054778000107035
313,DBScan,Trip Advisor,10,3.200000000000001,18,,0.10552679997636005
445,DBScan,Trip Advisor,10,3.7000000000000015,25,,0.10556200001155958
352,DBScan,Trip Advisor,10,3.4000000000000012,7,,0.105677800020203
281,DBScan,Trip Advisor,10,3.100000000000001,11,,0.10568350000539795
455,DBScan,Trip Advisor,10,3.8000000000000016,10,,0.106129800027702
398,DBScan,Trip Advisor,10,3.5000000000000013,28,,0.10614830005215481
194,DBScan,Trip Advisor,10,2.7000000000000006,24,,0.10625380004057661
332,DBScan,Trip Advisor,10,3.300000000000001,12,,0.10636859998339787
426,DBScan,Trip Advisor,10,3.7000000000000015,6,,0.10642329999245703
450,DBScan,Trip Advisor,10,3.8000000000000016,5,,0.106458299967926
411,DBScan,Trip Advisor,10,3.6000000000000014,16,,0.10653049999382347
463,DBScan,Trip Advisor,10,3.8000000000000016,18,,0.1065515999798663
395,DBScan,Trip Advisor,10,3.5000000000000013,25,,0.10657699999865144
371,DBScan,Trip Advisor,10,3.4000000000000012,26,,0.1067499999771826
357,DBScan,Trip Advisor,10,3.4000000000000012,12,,0.10681479994673282
404,DBScan,Trip Advisor,10,3.6000000000000014,9,,0.10687440005131066
376,DBScan,Trip Advisor,10,3.5000000000000013,6,,0.10775359999388456
164,DBScan,Trip Advisor,10,2.6000000000000005,19,,0.10776479996275157
533,DBScan,Trip Advisor,10,4.100000000000001,13,,0.10781509999651462
262,DBScan,Trip Advisor,10,3.000000000000001,17,,0.10821839998243377
65,DBScan,Trip Advisor,10,2.2,20,,0.10834009997779503
31,DBScan,Trip Advisor,10,2.1,11,,0.10841829999117181
207,DBScan,Trip Advisor,10,2.8000000000000007,12,,0.10843630001181737
369,DBScan,Trip Advisor,10,3.4000000000000012,24,,0.10848709999118
34,DBScan,Trip Advisor,10,2.1,14,,0.10850019997451454
391,DBScan,Trip Advisor,10,3.5000000000000013,21,,0.10907060001045465
312,DBScan,Trip Advisor,10,3.200000000000001,17,,0.10936709999805316
336,DBScan,Trip Advisor,10,3.300000000000001,16,,0.10938720003468916
913,DBScan,Trip Advisor,10,5.600000000000003,18,,0.1094427999923937
345,DBScan,Trip Advisor,10,3.300000000000001,25,,0.10947939998004586
543,DBScan,Trip Advisor,10,4.100000000000001,23,,0.10960120003437623
522,DBScan,Trip Advisor,10,4.000000000000002,27,,0.10975270002381876
416,DBScan,Trip Advisor,10,3.6000000000000014,21,,0.11040909995790571
282,DBScan,Trip Advisor,10,3.100000000000001,12,,0.11042179999640211
408,DBScan,Trip Advisor,10,3.6000000000000014,13,,0.1105033999774605
453,DBScan,Trip Advisor,10,3.8000000000000016,8,,0.11052360001485795
356,DBScan,Trip Advisor,10,3.4000000000000012,11,,0.11053669999819249
410,DBScan,Trip Advisor,10,3.6000000000000014,15,,0.11066600005142391
433,DBScan,Trip Advisor,10,3.7000000000000015,13,,0.11070200003450736
387,DBScan,Trip Advisor,10,3.5000000000000013,17,,0.11078549997182563
422,DBScan,Trip Advisor,10,3.6000000000000014,27,,0.11079320003045723
362,DBScan,Trip Advisor,10,3.4000000000000012,17,,0.11086479999357834
298,DBScan,Trip Advisor,10,3.100000000000001,28,,0.11086930002784356
449,DBScan,Trip Advisor,10,3.7000000000000015,29,,0.11087319999933243
401,DBScan,Trip Advisor,10,3.6000000000000014,6,,0.11095150001347065
373,DBScan,Trip Advisor,10,3.4000000000000012,28,,0.11107430001720786
33,DBScan,Trip Advisor,10,2.1,13,,0.11116369999945164
502,DBScan,Trip Advisor,10,4.000000000000002,7,,0.11116610001772642
466,DBScan,Trip Advisor,10,3.8000000000000016,21,,0.1112056000274606
254,DBScan,Trip Advisor,10,3.000000000000001,9,,0.11132150003686547
511,DBScan,Trip Advisor,10,4.000000000000002,16,,0.11137050000252202
823,DBScan,Trip Advisor,10,5.200000000000003,28,,0.11161969997920096
518,DBScan,Trip Advisor,10,4.000000000000002,23,,0.111728000047151
377,DBScan,Trip Advisor,10,3.5000000000000013,7,,0.111830799956806
181,DBScan,Trip Advisor,10,2.7000000000000006,11,,0.11203140002908185
296,DBScan,Trip Advisor,10,3.100000000000001,26,,0.11213170003611594
208,DBScan,Trip Advisor,10,2.8000000000000007,13,,0.11226730002090335
349,DBScan,Trip Advisor,10,3.300000000000001,29,,0.11226829997031018
444,DBScan,Trip Advisor,10,3.7000000000000015,24,,0.1123298000311479
204,DBScan,Trip Advisor,10,2.8000000000000007,9,,0.11242660001153126
548,DBScan,Trip Advisor,10,4.100000000000001,28,,0.1126384999952279
559,DBScan,Trip Advisor,10,4.200000000000002,14,,0.11266639997484162
209,DBScan,Trip Advisor,10,2.8000000000000007,14,,0.11268420005217195
392,DBScan,Trip Advisor,10,3.5000000000000013,22,,0.1127449999912642
37,DBScan,Trip Advisor,10,2.1,17,,0.11277710000285879
222,DBScan,Trip Advisor,10,2.8000000000000007,27,,0.11286210000980645
462,DBScan,Trip Advisor,10,3.8000000000000016,17,,0.11298279999755323
424,DBScan,Trip Advisor,10,3.6000000000000014,29,,0.1131154999602586
189,DBScan,Trip Advisor,10,2.7000000000000006,19,,0.11318579997168854
256,DBScan,Trip Advisor,10,3.000000000000001,11,,0.11331190000055358
443,DBScan,Trip Advisor,10,3.7000000000000015,23,,0.11335680005140603
480,DBScan,Trip Advisor,10,3.9000000000000017,10,,0.11339160002535209
50,DBScan,Trip Advisor,10,2.2,5,,0.113409900048282
225,DBScan,Trip Advisor,10,2.900000000000001,5,,0.11349720001453534
327,DBScan,Trip Advisor,10,3.300000000000001,7,,0.1135443999664858
2,DBScan,Trip Advisor,10,2.0,7,,0.1135583000141196
382,DBScan,Trip Advisor,10,3.5000000000000013,12,,0.11365650000516325
224,DBScan,Trip Advisor,10,2.8000000000000007,29,,0.11374270002124831
372,DBScan,Trip Advisor,10,3.4000000000000012,27,,0.11383849999401718
341,DBScan,Trip Advisor,10,3.300000000000001,21,,0.1138990999897942
334,DBScan,Trip Advisor,10,3.300000000000001,14,,0.1139114000252448
536,DBScan,Trip Advisor,10,4.100000000000001,16,,0.1139662999776192
499,DBScan,Trip Advisor,10,3.9000000000000017,29,,0.11397549998946488
448,DBScan,Trip Advisor,10,3.7000000000000015,28,,0.11408539995318279
255,DBScan,Trip Advisor,10,3.000000000000001,10,,0.11411010002484545
166,DBScan,Trip Advisor,10,2.6000000000000005,21,,0.11417839996283874
519,DBScan,Trip Advisor,10,4.000000000000002,24,,0.11430549999931827
354,DBScan,Trip Advisor,10,3.4000000000000012,9,,0.11446230002911761
425,DBScan,Trip Advisor,10,3.7000000000000015,5,,0.11450030002743006
331,DBScan,Trip Advisor,10,3.300000000000001,11,,0.11456539999926463
556,DBScan,Trip Advisor,10,4.200000000000002,11,,0.11472790001425892
340,DBScan,Trip Advisor,10,3.300000000000001,20,,0.11499069997807965
316,DBScan,Trip Advisor,10,3.200000000000001,21,,0.11504329997114837
339,DBScan,Trip Advisor,10,3.300000000000001,19,,0.11507280002115294
537,DBScan,Trip Advisor,10,4.100000000000001,17,,0.11515650001820177
446,DBScan,Trip Advisor,10,3.7000000000000015,26,,0.1151646000216715
257,DBScan,Trip Advisor,10,3.000000000000001,12,,0.11539799999445677
3,DBScan,Trip Advisor,10,2.0,8,,0.11553890001960099
62,DBScan,Trip Advisor,10,2.2,17,,0.11564490001183003
243,DBScan,Trip Advisor,10,2.900000000000001,23,,0.11569449998205528
475,DBScan,Trip Advisor,10,3.9000000000000017,5,,0.11578009999357164
284,DBScan,Trip Advisor,10,3.100000000000001,14,,0.11588900000788271
27,DBScan,Trip Advisor,10,2.1,7,,0.11593089997768402
494,DBScan,Trip Advisor,10,3.9000000000000017,24,,0.11593640001956373
524,DBScan,Trip Advisor,10,4.000000000000002,29,,0.11594600003445521
423,DBScan,Trip Advisor,10,3.6000000000000014,28,,0.1160280000185594
409,DBScan,Trip Advisor,10,3.6000000000000014,14,,0.11613390001002699
367,DBScan,Trip Advisor,10,3.4000000000000012,22,,0.1161943000042811
153,DBScan,Trip Advisor,10,2.6000000000000005,8,,0.1163370999856852
353,DBScan,Trip Advisor,10,3.4000000000000012,8,,0.11653329996624961
503,DBScan,Trip Advisor,10,4.000000000000002,8,,0.11658169998554513
394,DBScan,Trip Advisor,10,3.5000000000000013,24,,0.11658360000001267
155,DBScan,Trip Advisor,10,2.6000000000000005,10,,0.11689290002686903
333,DBScan,Trip Advisor,10,3.300000000000001,13,,0.11694530001841486
314,DBScan,Trip Advisor,10,3.200000000000001,19,,0.11697329999879003
488,DBScan,Trip Advisor,10,3.9000000000000017,18,,0.11699260002933443
971,DBScan,Trip Advisor,10,5.800000000000003,26,,0.11715070001082495
278,DBScan,Trip Advisor,10,3.100000000000001,8,,0.11723179998807609
25,DBScan,Trip Advisor,10,2.1,5,,0.11731989996042103
456,DBScan,Trip Advisor,10,3.8000000000000016,11,,0.1173867000034079
325,DBScan,Trip Advisor,10,3.300000000000001,5,,0.11740689998259768
283,DBScan,Trip Advisor,10,3.100000000000001,13,,0.11742609995417297
335,DBScan,Trip Advisor,10,3.300000000000001,15,,0.11763819999760017
152,DBScan,Trip Advisor,10,2.6000000000000005,7,,0.11772639997070655
218,DBScan,Trip Advisor,10,2.8000000000000007,23,,0.11773310002172366
328,DBScan,Trip Advisor,10,3.300000000000001,8,,0.1177585999830626
32,DBScan,Trip Advisor,10,2.1,12,,0.11785519996192306
447,DBScan,Trip Advisor,10,3.7000000000000015,27,,0.11785939999390393
380,DBScan,Trip Advisor,10,3.5000000000000013,10,,0.11787850002292544
183,DBScan,Trip Advisor,10,2.7000000000000006,13,,0.11799239995889366
470,DBScan,Trip Advisor,10,3.8000000000000016,25,,0.11800139996921644
66,DBScan,Trip Advisor,10,2.2,21,,0.11816279997583479
241,DBScan,Trip Advisor,10,2.900000000000001,21,,0.1182311000302434
964,DBScan,Trip Advisor,10,5.800000000000003,19,,0.11824260000139475
315,DBScan,Trip Advisor,10,3.200000000000001,20,,0.11861930001759902
485,DBScan,Trip Advisor,10,3.9000000000000017,15,,0.11884740000823513
403,DBScan,Trip Advisor,10,3.6000000000000014,8,,0.11902100004954264
60,DBScan,Trip Advisor,10,2.2,15,,0.11905720003414899
184,DBScan,Trip Advisor,10,2.7000000000000006,14,,0.11908049997873604
303,DBScan,Trip Advisor,10,3.200000000000001,8,,0.11917839996749535
311,DBScan,Trip Advisor,10,3.200000000000001,16,,0.1192167000262998
326,DBScan,Trip Advisor,10,3.300000000000001,6,,0.11950239998986945
317,DBScan,Trip Advisor,10,3.200000000000001,22,,0.11951320001389831
381,DBScan,Trip Advisor,10,3.5000000000000013,11,,0.11953780002659187
521,DBScan,Trip Advisor,10,4.000000000000002,26,,0.1196524000260979
520,DBScan,Trip Advisor,10,4.000000000000002,25,,0.11968880001222715
383,DBScan,Trip Advisor,10,3.5000000000000013,13,,0.11971430003177375
290,DBScan,Trip Advisor,10,3.100000000000001,20,,0.11988109996309504
205,DBScan,Trip Advisor,10,2.8000000000000007,10,,0.11999350000405684
412,DBScan,Trip Advisor,10,3.6000000000000014,17,,0.12035589996958151
397,DBScan,Trip Advisor,10,3.5000000000000013,27,,0.12042759999167174
348,DBScan,Trip Advisor,10,3.300000000000001,28,,0.12048119999235496
264,DBScan,Trip Advisor,10,3.000000000000001,19,,0.12057899998035282
13,DBScan,Trip Advisor,10,2.0,18,,0.1206671999534592
351,DBScan,Trip Advisor,10,3.4000000000000012,6,,0.12067829997977242
400,DBScan,Trip Advisor,10,3.6000000000000014,5,,0.12097150000045076
151,DBScan,Trip Advisor,10,2.6000000000000005,6,,0.12099030002718791
61,DBScan,Trip Advisor,10,2.2,16,,0.12102099996991456
385,DBScan,Trip Advisor,10,3.5000000000000013,15,,0.12116260000038892
365,DBScan,Trip Advisor,10,3.4000000000000012,20,,0.12122660002205521
461,DBScan,Trip Advisor,10,3.8000000000000016,16,,0.12130009999964386
240,DBScan,Trip Advisor,10,2.900000000000001,20,,0.12130560004152358
250,DBScan,Trip Advisor,10,3.000000000000001,5,,0.12145139998756349
38,DBScan,Trip Advisor,10,2.1,18,,0.12170210003387183
427,DBScan,Trip Advisor,10,3.7000000000000015,7,,0.12171259999740869
343,DBScan,Trip Advisor,10,3.300000000000001,23,,0.12184170004911721
407,DBScan,Trip Advisor,10,3.6000000000000014,12,,0.121841799991671
245,DBScan,Trip Advisor,10,2.900000000000001,25,,0.12201009999262169
510,DBScan,Trip Advisor,10,4.000000000000002,15,,0.12204510002629831
374,DBScan,Trip Advisor,10,3.4000000000000012,29,,0.12225370004307479
201,DBScan,Trip Advisor,10,2.8000000000000007,6,,0.12265629996545613
534,DBScan,Trip Advisor,10,4.100000000000001,14,,0.12279759999364614
297,DBScan,Trip Advisor,10,3.100000000000001,27,,0.12282089999644086
459,DBScan,Trip Advisor,10,3.8000000000000016,14,,0.12291460001142696
321,DBScan,Trip Advisor,10,3.200000000000001,26,,0.1229153000167571
223,DBScan,Trip Advisor,10,2.8000000000000007,28,,0.12328990001697093
330,DBScan,Trip Advisor,10,3.300000000000001,10,,0.1233603999717161
390,DBScan,Trip Advisor,10,3.5000000000000013,20,,0.12337869999464601
206,DBScan,Trip Advisor,10,2.8000000000000007,11,,0.1234427000163123
393,DBScan,Trip Advisor,10,3.5000000000000013,23,,0.12361319997580722
75,DBScan,Trip Advisor,10,2.3000000000000003,5,,0.12397150002652779
63,DBScan,Trip Advisor,10,2.2,18,,0.12399210000876337
319,DBScan,Trip Advisor,10,3.200000000000001,24,,0.12402669998118654
490,DBScan,Trip Advisor,10,3.9000000000000017,20,,0.12409110000589862
302,DBScan,Trip Advisor,10,3.200000000000001,7,,0.12414720002561808
350,DBScan,Trip Advisor,10,3.4000000000000012,5,,0.1241679999511689
405,DBScan,Trip Advisor,10,3.6000000000000014,10,,0.12420889997156337
544,DBScan,Trip Advisor,10,4.100000000000001,24,,0.12433669995516539
399,DBScan,Trip Advisor,10,3.5000000000000013,29,,0.12442639999790117
219,DBScan,Trip Advisor,10,2.8000000000000007,24,,0.12448820000281557
165,DBScan,Trip Advisor,10,2.6000000000000005,20,,0.12459950003540143
481,DBScan,Trip Advisor,10,3.9000000000000017,11,,0.12484399997629225
227,DBScan,Trip Advisor,10,2.900000000000001,7,,0.1250430999789387
187,DBScan,Trip Advisor,10,2.7000000000000006,17,,0.12544779997551814
251,DBScan,Trip Advisor,10,3.000000000000001,6,,0.12568300002021715
289,DBScan,Trip Advisor,10,3.100000000000001,19,,0.12576690001878887
389,DBScan,Trip Advisor,10,3.5000000000000013,19,,0.12586189998546615
242,DBScan,Trip Advisor,10,2.900000000000001,22,,0.12604139995528385
221,DBScan,Trip Advisor,10,2.8000000000000007,26,,0.12605799996526912
64,DBScan,Trip Advisor,10,2.2,19,,0.12608629994792864
322,DBScan,Trip Advisor,10,3.200000000000001,27,,0.1260933000012301
306,DBScan,Trip Advisor,10,3.200000000000001,11,,0.12619570002425462
230,DBScan,Trip Advisor,10,2.900000000000001,10,,0.12646960001438856
246,DBScan,Trip Advisor,10,2.900000000000001,26,,0.12652960000559688
498,DBScan,Trip Advisor,10,3.9000000000000017,28,,0.12661279999883845
84,DBScan,Trip Advisor,10,2.3000000000000003,14,,0.12661899998784065
272,DBScan,Trip Advisor,10,3.000000000000001,27,,0.12677450000774115
131,DBScan,Trip Advisor,10,2.5000000000000004,11,,0.12679189996561036
288,DBScan,Trip Advisor,10,3.100000000000001,18,,0.127062100043986
102,DBScan,Trip Advisor,10,2.4000000000000004,7,,0.12712399999145418
171,DBScan,Trip Advisor,10,2.6000000000000005,26,,0.1273630000068806
96,DBScan,Trip Advisor,10,2.3000000000000003,26,,0.12757990002864972
263,DBScan,Trip Advisor,10,3.000000000000001,18,,0.12760280002839863
487,DBScan,Trip Advisor,10,3.9000000000000017,17,,0.12773249996826053
293,DBScan,Trip Advisor,10,3.100000000000001,23,,0.1277500000433065
388,DBScan,Trip Advisor,10,3.5000000000000013,18,,0.1278260000399314
239,DBScan,Trip Advisor,10,2.900000000000001,19,,0.127911799994763
143,DBScan,Trip Advisor,10,2.5000000000000004,23,,0.12796880002133548
491,DBScan,Trip Advisor,10,3.9000000000000017,21,,0.12833519995911047
247,DBScan,Trip Advisor,10,2.900000000000001,27,,0.12849670002469793
161,DBScan,Trip Advisor,10,2.6000000000000005,16,,0.12850220000836998
464,DBScan,Trip Advisor,10,3.8000000000000016,19,,0.1285129000316374
431,DBScan,Trip Advisor,10,3.7000000000000015,11,,0.12858989997766912
276,DBScan,Trip Advisor,10,3.100000000000001,6,,0.1286841999972239
198,DBScan,Trip Advisor,10,2.7000000000000006,28,,0.12879470002371818
237,DBScan,Trip Advisor,10,2.900000000000001,17,,0.12902920000487939
497,DBScan,Trip Advisor,10,3.9000000000000017,27,,0.1291380999609828
347,DBScan,Trip Advisor,10,3.300000000000001,27,,0.12922930001514032
35,DBScan,Trip Advisor,10,2.1,15,,0.12927099998341873
384,DBScan,Trip Advisor,10,3.5000000000000013,14,,0.12928190000820905
360,DBScan,Trip Advisor,10,3.4000000000000012,15,,0.12955650000367314
144,DBScan,Trip Advisor,10,2.5000000000000004,24,,0.12960109999403358
346,DBScan,Trip Advisor,10,3.300000000000001,26,,0.12968729995191097
310,DBScan,Trip Advisor,10,3.200000000000001,15,,0.13005570002133027
299,DBScan,Trip Advisor,10,3.100000000000001,29,,0.13009260001126677
188,DBScan,Trip Advisor,10,2.7000000000000006,18,,0.13024199998471886
147,DBScan,Trip Advisor,10,2.5000000000000004,27,,0.1302821999997832
180,DBScan,Trip Advisor,10,2.7000000000000006,10,,0.13039770000614226
234,DBScan,Trip Advisor,10,2.900000000000001,14,,0.13074540003435686
190,DBScan,Trip Advisor,10,2.7000000000000006,20,,0.13095600000815466
135,DBScan,Trip Advisor,10,2.5000000000000004,15,,0.13103059999411926
200,DBScan,Trip Advisor,10,2.8000000000000007,5,,0.13124279998010024
232,DBScan,Trip Advisor,10,2.900000000000001,12,,0.13136040000244975
59,DBScan,Trip Advisor,10,2.2,14,,0.1313722000340931
213,DBScan,Trip Advisor,10,2.8000000000000007,18,,0.13163059996441007
136,DBScan,Trip Advisor,10,2.5000000000000004,16,,0.13185950001934543
406,DBScan,Trip Advisor,10,3.6000000000000014,11,,0.13186389999464154
260,DBScan,Trip Advisor,10,3.000000000000001,15,,0.13192409998737276
191,DBScan,Trip Advisor,10,2.7000000000000006,21,,0.13199580000946298
318,DBScan,Trip Advisor,10,3.200000000000001,23,,0.13199849997181445
100,DBScan,Trip Advisor,10,2.4000000000000004,5,,0.1321798000135459
886,DBScan,Trip Advisor,10,5.5000000000000036,16,,0.13224640005500987
53,DBScan,Trip Advisor,10,2.2,8,,0.13233920000493526
338,DBScan,Trip Advisor,10,3.300000000000001,18,,0.1323648000252433
193,DBScan,Trip Advisor,10,2.7000000000000006,23,,0.13237569999182597
226,DBScan,Trip Advisor,10,2.900000000000001,6,,0.13240010000299662
158,DBScan,Trip Advisor,10,2.6000000000000005,13,,0.1324527999968268
301,DBScan,Trip Advisor,10,3.200000000000001,6,,0.13271889998577535
133,DBScan,Trip Advisor,10,2.5000000000000004,13,,0.1328537999652326
987,DBScan,Trip Advisor,10,5.900000000000004,17,,0.13289660000009462
300,DBScan,Trip Advisor,10,3.200000000000001,5,,0.1329787999857217
261,DBScan,Trip Advisor,10,3.000000000000001,16,,0.1329899999545887
291,DBScan,Trip Advisor,10,3.100000000000001,21,,0.1330053999554366
182,DBScan,Trip Advisor,10,2.7000000000000006,12,,0.13310289999935776
402,DBScan,Trip Advisor,10,3.6000000000000014,7,,0.13318050000816584
274,DBScan,Trip Advisor,10,3.000000000000001,29,,0.13335580000421032
342,DBScan,Trip Advisor,10,3.300000000000001,22,,0.13345709996065125
162,DBScan,Trip Advisor,10,2.6000000000000005,17,,0.1336066999938339
258,DBScan,Trip Advisor,10,3.000000000000001,13,,0.13362769997911528
452,DBScan,Trip Advisor,10,3.8000000000000016,7,,0.1336314000072889
305,DBScan,Trip Advisor,10,3.200000000000001,10,,0.1340242000296712
509,DBScan,Trip Advisor,10,4.000000000000002,14,,0.13433049997547641
236,DBScan,Trip Advisor,10,2.900000000000001,16,,0.13464709999971092
134,DBScan,Trip Advisor,10,2.5000000000000004,14,,0.13473099999828264
928,DBScan,Trip Advisor,10,5.700000000000003,8,,0.13514470000518486
137,DBScan,Trip Advisor,10,2.5000000000000004,17,,0.13533239997923374
174,DBScan,Trip Advisor,10,2.6000000000000005,29,,0.1355184999993071
244,DBScan,Trip Advisor,10,2.900000000000001,24,,0.13552609999896958
359,DBScan,Trip Advisor,10,3.4000000000000012,14,,0.13566799997352064
168,DBScan,Trip Advisor,10,2.6000000000000005,23,,0.13582490000408143
516,DBScan,Trip Advisor,10,4.000000000000002,21,,0.13605310005368665
185,DBScan,Trip Advisor,10,2.7000000000000006,15,,0.1362173999659717
249,DBScan,Trip Advisor,10,2.900000000000001,29,,0.13630899996496737
253,DBScan,Trip Advisor,10,3.000000000000001,8,,0.13631470000836998
129,DBScan,Trip Advisor,10,2.5000000000000004,9,,0.1371134999790229
482,DBScan,Trip Advisor,10,3.9000000000000017,12,,0.13731389999156818
116,DBScan,Trip Advisor,10,2.4000000000000004,21,,0.13731520000146702
344,DBScan,Trip Advisor,10,3.300000000000001,24,,0.13735039997845888
7,DBScan,Trip Advisor,10,2.0,12,,0.1375594000564888
186,DBScan,Trip Advisor,10,2.7000000000000006,16,,0.1376157000195235
275,DBScan,Trip Advisor,10,3.100000000000001,5,,0.13787540001794696
9,DBScan,Trip Advisor,10,2.0,14,,0.1378932999796234
484,DBScan,Trip Advisor,10,3.9000000000000017,14,,0.13797330000670627
478,DBScan,Trip Advisor,10,3.9000000000000017,8,,0.1380450000287965
386,DBScan,Trip Advisor,10,3.5000000000000013,16,,0.1382442000322044
307,DBScan,Trip Advisor,10,3.200000000000001,12,,0.13849460001802072
156,DBScan,Trip Advisor,10,2.6000000000000005,11,,0.13861169997835532
486,DBScan,Trip Advisor,10,3.9000000000000017,16,,0.13879190001171082
515,DBScan,Trip Advisor,10,4.000000000000002,20,,0.13880269997753203
56,DBScan,Trip Advisor,10,2.2,11,,0.1389433000003919
279,DBScan,Trip Advisor,10,3.100000000000001,9,,0.13894709997111931
430,DBScan,Trip Advisor,10,3.7000000000000015,10,,0.1389598999521695
228,DBScan,Trip Advisor,10,2.900000000000001,8,,0.13901679997798055
6,DBScan,Trip Advisor,10,2.0,11,,0.1392228999757208
295,DBScan,Trip Advisor,10,3.100000000000001,25,,0.13926899997750297
271,DBScan,Trip Advisor,10,3.000000000000001,26,,0.13936230004765093
231,DBScan,Trip Advisor,10,2.900000000000001,11,,0.1394844999886118
163,DBScan,Trip Advisor,10,2.6000000000000005,18,,0.13953639997635037
273,DBScan,Trip Advisor,10,3.000000000000001,28,,0.13954150001518428
214,DBScan,Trip Advisor,10,2.8000000000000007,19,,0.13976669998373836
115,DBScan,Trip Advisor,10,2.4000000000000004,20,,0.13991700002225116
248,DBScan,Trip Advisor,10,2.900000000000001,28,,0.13995779998367652
159,DBScan,Trip Advisor,10,2.6000000000000005,14,,0.13999489997513592
76,DBScan,Trip Advisor,10,2.3000000000000003,6,,0.1401225000154227
270,DBScan,Trip Advisor,10,3.000000000000001,25,,0.1401588000007905
211,DBScan,Trip Advisor,10,2.8000000000000007,16,,0.14060199999948964
192,DBScan,Trip Advisor,10,2.7000000000000006,22,,0.1409540000022389
216,DBScan,Trip Advisor,10,2.8000000000000007,21,,0.14099799998803064
79,DBScan,Trip Advisor,10,2.3000000000000003,9,,0.14159179996931925
170,DBScan,Trip Advisor,10,2.6000000000000005,25,,0.14175589999649674
138,DBScan,Trip Advisor,10,2.5000000000000004,18,,0.14212999999290332
294,DBScan,Trip Advisor,10,3.100000000000001,24,,0.14216670003952459
130,DBScan,Trip Advisor,10,2.5000000000000004,10,,0.14256990002468228
323,DBScan,Trip Advisor,10,3.200000000000001,28,,0.1428841999731958
118,DBScan,Trip Advisor,10,2.4000000000000004,23,,0.1429952000034973
269,DBScan,Trip Advisor,10,3.000000000000001,24,,0.14301250001881272
89,DBScan,Trip Advisor,10,2.3000000000000003,19,,0.14321030001156032
210,DBScan,Trip Advisor,10,2.8000000000000007,15,,0.14341550000244752
252,DBScan,Trip Advisor,10,3.000000000000001,7,,0.1434370999922976
80,DBScan,Trip Advisor,10,2.3000000000000003,10,,0.14350730000296608
233,DBScan,Trip Advisor,10,2.900000000000001,13,,0.14366360002895817
492,DBScan,Trip Advisor,10,3.9000000000000017,22,,0.1437718000379391
304,DBScan,Trip Advisor,10,3.200000000000001,9,,0.1442075000377372
169,DBScan,Trip Advisor,10,2.6000000000000005,24,,0.14466249995166436
217,DBScan,Trip Advisor,10,2.8000000000000007,22,,0.1447335000266321
142,DBScan,Trip Advisor,10,2.5000000000000004,22,,0.14475380000658333
8,DBScan,Trip Advisor,10,2.0,13,,0.14481600001454353
429,DBScan,Trip Advisor,10,3.7000000000000015,9,,0.1455646000104025
145,DBScan,Trip Advisor,10,2.5000000000000004,25,,0.14589450001949444
368,DBScan,Trip Advisor,10,3.4000000000000012,23,,0.14625640003941953
199,DBScan,Trip Advisor,10,2.7000000000000006,29,,0.1463336999877356
428,DBScan,Trip Advisor,10,3.7000000000000015,8,,0.14636169996811077
320,DBScan,Trip Advisor,10,3.200000000000001,25,,0.14639200002420694
149,DBScan,Trip Advisor,10,2.5000000000000004,29,,0.14639830001397058
51,DBScan,Trip Advisor,10,2.2,6,,0.14666070003295317
179,DBScan,Trip Advisor,10,2.7000000000000006,9,,0.14725850004469976
277,DBScan,Trip Advisor,10,3.100000000000001,7,,0.14764589996775612
215,DBScan,Trip Advisor,10,2.8000000000000007,20,,0.147922899981495
10,DBScan,Trip Advisor,10,2.0,15,,0.14801770000485703
280,DBScan,Trip Advisor,10,3.100000000000001,10,,0.1482389000011608
117,DBScan,Trip Advisor,10,2.4000000000000004,22,,0.14863179996609688
266,DBScan,Trip Advisor,10,3.000000000000001,21,,0.14868689997820184
148,DBScan,Trip Advisor,10,2.5000000000000004,28,,0.14891850005369633
12,DBScan,Trip Advisor,10,2.0,17,,0.14962520002154633
177,DBScan,Trip Advisor,10,2.7000000000000006,7,,0.1497399000218138
235,DBScan,Trip Advisor,10,2.900000000000001,15,,0.149790600000415
128,DBScan,Trip Advisor,10,2.5000000000000004,8,,0.15042890002951026
11,DBScan,Trip Advisor,10,2.0,16,,0.15114510001149029
157,DBScan,Trip Advisor,10,2.6000000000000005,12,,0.15136119996896014
150,DBScan,Trip Advisor,10,2.6000000000000005,5,,0.1514102999935858
952,DBScan,Trip Advisor,10,5.800000000000003,7,,0.15148840000620112
54,DBScan,Trip Advisor,10,2.2,9,,0.1522722999798134
195,DBScan,Trip Advisor,10,2.7000000000000006,25,,0.15286339999875054
98,DBScan,Trip Advisor,10,2.3000000000000003,28,,0.15317409997805953
474,DBScan,Trip Advisor,10,3.8000000000000016,29,,0.15326229995116591
265,DBScan,Trip Advisor,10,3.000000000000001,20,,0.15337909996742383
329,DBScan,Trip Advisor,10,3.300000000000001,9,,0.1533845000085421
95,DBScan,Trip Advisor,10,2.3000000000000003,25,,0.15398699999786913
496,DBScan,Trip Advisor,10,3.9000000000000017,26,,0.15416919998824596
55,DBScan,Trip Advisor,10,2.2,10,,0.1543503000284545
58,DBScan,Trip Advisor,10,2.2,13,,0.15447859995765612
146,DBScan,Trip Advisor,10,2.5000000000000004,26,,0.1551945999963209
178,DBScan,Trip Advisor,10,2.7000000000000006,8,,0.15551319997757673
120,DBScan,Trip Advisor,10,2.4000000000000004,25,,0.15553089999593794
308,DBScan,Trip Advisor,10,3.200000000000001,13,,0.1555594999808818
57,DBScan,Trip Advisor,10,2.2,12,,0.15565019997302443
5,DBScan,Trip Advisor,10,2.0,10,,0.1559092999668792
212,DBScan,Trip Advisor,10,2.8000000000000007,17,,0.15649959997972474
229,DBScan,Trip Advisor,10,2.900000000000001,9,,0.15650160005316138
220,DBScan,Trip Advisor,10,2.8000000000000007,25,,0.15758050000295043
309,DBScan,Trip Advisor,10,3.200000000000001,14,,0.15788389998488128
287,DBScan,Trip Advisor,10,3.100000000000001,17,,0.15799729997524992
28,DBScan,Trip Advisor,10,2.1,8,,0.15861119999317452
125,DBScan,Trip Advisor,10,2.5000000000000004,5,,0.15875130001222715
97,DBScan,Trip Advisor,10,2.3000000000000003,27,,0.1588863999932073
472,DBScan,Trip Advisor,10,3.8000000000000016,27,,0.15939579997211695
124,DBScan,Trip Advisor,10,2.4000000000000004,29,,0.15955320000648499
132,DBScan,Trip Advisor,10,2.5000000000000004,12,,0.15963530004955828
91,DBScan,Trip Advisor,10,2.3000000000000003,21,,0.16144759999588132
479,DBScan,Trip Advisor,10,3.9000000000000017,9,,0.16173190000699833
85,DBScan,Trip Advisor,10,2.3000000000000003,15,,0.1628418000182137
292,DBScan,Trip Advisor,10,3.100000000000001,22,,0.16411809995770454
285,DBScan,Trip Advisor,10,3.100000000000001,15,,0.1643233000067994
36,DBScan,Trip Advisor,10,2.1,16,,0.16435759997693822
495,DBScan,Trip Advisor,10,3.9000000000000017,25,,0.16439509997144341
268,DBScan,Trip Advisor,10,3.000000000000001,23,,0.1650513000204228
196,DBScan,Trip Advisor,10,2.7000000000000006,26,,0.16509809996932745
99,DBScan,Trip Advisor,10,2.3000000000000003,29,,0.16549970000050962
127,DBScan,Trip Advisor,10,2.5000000000000004,7,,0.16556900000432506
473,DBScan,Trip Advisor,10,3.8000000000000016,28,,0.1667720999685116
122,DBScan,Trip Advisor,10,2.4000000000000004,27,,0.16720629995688796
83,DBScan,Trip Advisor,10,2.3000000000000003,13,,0.16761120001319796
160,DBScan,Trip Advisor,10,2.6000000000000005,15,,0.16824930004077032
82,DBScan,Trip Advisor,10,2.3000000000000003,12,,0.16876050003338605
77,DBScan,Trip Advisor,10,2.3000000000000003,7,,0.17148050002288073
4,DBScan,Trip Advisor,10,2.0,9,,0.17170300002908334
141,DBScan,Trip Advisor,10,2.5000000000000004,21,,0.17351299995789304
101,DBScan,Trip Advisor,10,2.4000000000000004,6,,0.17524800001410767
197,DBScan,Trip Advisor,10,2.7000000000000006,27,,0.17544690001523122
52,DBScan,Trip Advisor,10,2.2,7,,0.17617210000753403
81,DBScan,Trip Advisor,10,2.3000000000000003,11,,0.1794938999810256
123,DBScan,Trip Advisor,10,2.4000000000000004,28,,0.179805799969472
139,DBScan,Trip Advisor,10,2.5000000000000004,19,,0.18003920000046492
90,DBScan,Trip Advisor,10,2.3000000000000003,20,,0.18074239999987185
88,DBScan,Trip Advisor,10,2.3000000000000003,18,,0.18142510001780465
121,DBScan,Trip Advisor,10,2.4000000000000004,26,,0.1826676000491716
119,DBScan,Trip Advisor,10,2.4000000000000004,24,,0.18968120001954958
175,DBScan,Trip Advisor,10,2.7000000000000006,5,,0.1913716000271961
86,DBScan,Trip Advisor,10,2.3000000000000003,16,,0.19332540000323206
451,DBScan,Trip Advisor,10,3.8000000000000016,6,,0.19527970004128292
93,DBScan,Trip Advisor,10,2.3000000000000003,23,,0.1954877999960445
87,DBScan,Trip Advisor,10,2.3000000000000003,17,,0.19718309998279437
126,DBScan,Trip Advisor,10,2.5000000000000004,6,,0.20186550001380965
1,DBScan,Trip Advisor,10,2.0,6,,0.20484630001010373
94,DBScan,Trip Advisor,10,2.3000000000000003,24,,0.20570340001722798
140,DBScan,Trip Advisor,10,2.5000000000000004,20,,0.20775840000715107
286,DBScan,Trip Advisor,10,3.100000000000001,16,,0.21449009998468682
78,DBScan,Trip Advisor,10,2.3000000000000003,8,,0.22066210000775754
92,DBScan,Trip Advisor,10,2.3000000000000003,22,,0.22088660002918914
176,DBScan,Trip Advisor,10,2.7000000000000006,6,,0.22102429997175932
267,DBScan,Trip Advisor,10,3.000000000000001,22,,0.2757763999979943
0,DBScan,Trip Advisor,10,2.0,5,,0.4279306000098586
