,Algorithm,Dataset,n_cluster,Alpha,Precision,Silhouette,Execution Time
277,Multiclusterkde,Trip Advisor,9,3.499999999999999,,0.21864427602552713,1.4157991409301758
276,Multiclusterkde,Trip Advisor,8,3.499999999999999,,0.21863839346300792,1.3091630935668945
295,Multiclusterkde,Trip Advisor,9,3.6999999999999993,,0.218529802369611,0.7288708686828613
294,Multiclusterkde,Trip Advisor,8,3.6999999999999993,,0.21852136250025722,0.701246976852417
278,Multiclusterkde,Trip Advisor,10,3.499999999999999,,0.2059302546338731,1.2899971008300781
296,Multiclusterkde,Trip Advisor,10,3.6999999999999993,,0.20583614549595006,0.8058366775512695
267,Multiclusterkde,Trip Advisor,8,3.3999999999999995,,0.1961018613917581,2.171191692352295
629,Multiclusterkde,Trip Advisor,10,7.399999999999999,,0.17853314964242673,0.46262073516845703
620,Multiclusterkde,Trip Advisor,10,7.299999999999999,,0.17853314964242673,0.8059351444244385
259,Multiclusterkde,Trip Advisor,9,3.2999999999999994,,0.1624889638253466,1.680915355682373
241,Multiclusterkde,Trip Advisor,9,3.0999999999999996,,0.1617435583893743,3.029954433441162
258,Multiclusterkde,Trip Advisor,8,3.2999999999999994,,0.16162390939417046,1.8322522640228271
240,Multiclusterkde,Trip Advisor,8,3.0999999999999996,,0.1608896474800045,3.493375539779663
301,Multiclusterkde,Trip Advisor,6,3.7999999999999994,,0.16068020731813754,0.6991500854492188
204,Multiclusterkde,Trip Advisor,8,2.6999999999999993,,0.1595545463900729,3.4085099697113037
123,Multiclusterkde,Trip Advisor,8,1.7999999999999998,,0.15937010612145924,20.495111227035522
15,Multiclusterkde,Trip Advisor,8,0.6,,0.1591021769528333,3.2347075939178467
6,Multiclusterkde,Trip Advisor,8,0.5,,0.1591021769528333,3.7309019565582275
33,Multiclusterkde,Trip Advisor,8,0.7999999999999999,,0.1591021769528333,4.0349953174591064
51,Multiclusterkde,Trip Advisor,8,0.9999999999999999,,0.1591021769528333,4.866131067276001
42,Multiclusterkde,Trip Advisor,8,0.8999999999999999,,0.1591021769528333,5.901191711425781
78,Multiclusterkde,Trip Advisor,8,1.2999999999999998,,0.1591021769528333,7.117611885070801
168,Multiclusterkde,Trip Advisor,8,2.3,,0.1591021769528333,7.559792995452881
87,Multiclusterkde,Trip Advisor,8,1.4,,0.1591021769528333,8.272485971450806
177,Multiclusterkde,Trip Advisor,8,2.3999999999999995,,0.1591021769528333,10.53259539604187
60,Multiclusterkde,Trip Advisor,8,1.0999999999999999,,0.1591021769528333,11.009652853012085
96,Multiclusterkde,Trip Advisor,8,1.4999999999999998,,0.1591021769528333,11.440046072006226
69,Multiclusterkde,Trip Advisor,8,1.1999999999999997,,0.1591021769528333,11.920777320861816
141,Multiclusterkde,Trip Advisor,8,1.9999999999999996,,0.1591021769528333,12.886996984481812
159,Multiclusterkde,Trip Advisor,8,2.1999999999999997,,0.1591021769528333,14.161248683929443
24,Multiclusterkde,Trip Advisor,8,0.7,,0.1591021769528333,14.801725625991821
132,Multiclusterkde,Trip Advisor,8,1.8999999999999997,,0.1591021769528333,15.077898740768433
150,Multiclusterkde,Trip Advisor,8,2.0999999999999996,,0.1591021769528333,16.549933671951294
114,Multiclusterkde,Trip Advisor,8,1.6999999999999997,,0.1591021769528333,20.659807443618774
105,Multiclusterkde,Trip Advisor,8,1.5999999999999996,,0.1591021769528333,36.880919218063354
203,Multiclusterkde,Trip Advisor,7,2.6999999999999993,,0.15891631251243354,4.201128959655762
122,Multiclusterkde,Trip Advisor,7,1.7999999999999998,,0.15873335944699754,27.40231704711914
229,Multiclusterkde,Trip Advisor,6,2.9999999999999996,,0.15864412088739827,2.800158739089966
14,Multiclusterkde,Trip Advisor,7,0.6,,0.15846439815363256,2.996730327606201
5,Multiclusterkde,Trip Advisor,7,0.5,,0.15846439815363256,3.652379274368286
41,Multiclusterkde,Trip Advisor,7,0.8999999999999999,,0.15846439815363256,4.587352514266968
50,Multiclusterkde,Trip Advisor,7,0.9999999999999999,,0.15846439815363256,5.224287033081055
32,Multiclusterkde,Trip Advisor,7,0.7999999999999999,,0.15846439815363256,5.316049098968506
77,Multiclusterkde,Trip Advisor,7,1.2999999999999998,,0.15846439815363256,6.976277112960815
167,Multiclusterkde,Trip Advisor,7,2.3,,0.15846439815363256,7.516942739486694
23,Multiclusterkde,Trip Advisor,7,0.7,,0.15846439815363256,8.895003318786621
86,Multiclusterkde,Trip Advisor,7,1.4,,0.15846439815363256,9.100396633148193
95,Multiclusterkde,Trip Advisor,7,1.4999999999999998,,0.15846439815363256,10.835172414779663
59,Multiclusterkde,Trip Advisor,7,1.0999999999999999,,0.15846439815363256,11.01795244216919
176,Multiclusterkde,Trip Advisor,7,2.3999999999999995,,0.15846439815363256,11.800796747207642
68,Multiclusterkde,Trip Advisor,7,1.1999999999999997,,0.15846439815363256,12.413063764572144
140,Multiclusterkde,Trip Advisor,7,1.9999999999999996,,0.15846439815363256,13.059207916259766
158,Multiclusterkde,Trip Advisor,7,2.1999999999999997,,0.15846439815363256,14.268391132354736
131,Multiclusterkde,Trip Advisor,7,1.8999999999999997,,0.15846439815363256,14.48530387878418
149,Multiclusterkde,Trip Advisor,7,2.0999999999999996,,0.15846439815363256,18.73672103881836
113,Multiclusterkde,Trip Advisor,7,1.6999999999999997,,0.15846439815363256,20.901249647140503
104,Multiclusterkde,Trip Advisor,7,1.5999999999999996,,0.15846439815363256,31.886691331863403
250,Multiclusterkde,Trip Advisor,9,3.1999999999999993,,0.1582978764110927,0.976719856262207
186,Multiclusterkde,Trip Advisor,8,2.4999999999999996,,0.15813068947389314,5.09934139251709
195,Multiclusterkde,Trip Advisor,8,2.5999999999999996,,0.15813068947389314,5.722938776016235
249,Multiclusterkde,Trip Advisor,8,3.1999999999999993,,0.15793712107687818,1.0686919689178467
223,Multiclusterkde,Trip Advisor,9,2.8999999999999995,,0.157677904725446,2.032900810241699
185,Multiclusterkde,Trip Advisor,7,2.4999999999999996,,0.15748441647022476,4.519992351531982
194,Multiclusterkde,Trip Advisor,7,2.5999999999999996,,0.15748441647022476,6.995710611343384
222,Multiclusterkde,Trip Advisor,8,2.8999999999999995,,0.15730508531263218,1.823115587234497
232,Multiclusterkde,Trip Advisor,9,2.9999999999999996,,0.15685286832133258,2.786465883255005
214,Multiclusterkde,Trip Advisor,9,2.7999999999999994,,0.15646513538965695,2.557147741317749
213,Multiclusterkde,Trip Advisor,8,2.7999999999999994,,0.1561062989139864,2.807025194168091
349,Multiclusterkde,Trip Advisor,9,4.299999999999999,,0.1559328195439842,0.35668396949768066
269,Multiclusterkde,Trip Advisor,10,3.3999999999999995,,0.155928467785799,2.1498453617095947
247,Multiclusterkde,Trip Advisor,6,3.1999999999999993,,0.1556640747966012,1.2878050804138184
268,Multiclusterkde,Trip Advisor,9,3.3999999999999995,,0.1554551280247306,2.2105934619903564
403,Multiclusterkde,Trip Advisor,9,4.899999999999999,,0.15508541436384263,0.4693729877471924
322,Multiclusterkde,Trip Advisor,9,3.999999999999999,,0.15508541436384263,0.6455950736999512
412,Multiclusterkde,Trip Advisor,9,4.999999999999999,,0.15508541436384263,0.6553113460540771
394,Multiclusterkde,Trip Advisor,9,4.799999999999999,,0.15508541436384263,0.6705844402313232
313,Multiclusterkde,Trip Advisor,9,3.8999999999999995,,0.15508541436384263,0.8521740436553955
340,Multiclusterkde,Trip Advisor,9,4.199999999999999,,0.15508541436384263,0.8959667682647705
421,Multiclusterkde,Trip Advisor,9,5.099999999999999,,0.15503484160773745,1.053576946258545
448,Multiclusterkde,Trip Advisor,9,5.399999999999999,,0.15498683241037972,0.8118691444396973
439,Multiclusterkde,Trip Advisor,9,5.299999999999999,,0.1549692762467299,0.5559966564178467
430,Multiclusterkde,Trip Advisor,9,5.199999999999999,,0.15491704964007103,0.7493734359741211
529,Multiclusterkde,Trip Advisor,9,6.299999999999999,,0.15469794652116467,0.47286558151245117
538,Multiclusterkde,Trip Advisor,9,6.399999999999999,,0.15469794652116467,0.5180048942565918
520,Multiclusterkde,Trip Advisor,9,6.199999999999998,,0.15469794652116467,0.6934738159179688
502,Multiclusterkde,Trip Advisor,9,5.999999999999999,,0.15469794652116467,1.0469794273376465
511,Multiclusterkde,Trip Advisor,9,6.099999999999999,,0.15469794652116467,1.2495582103729248
547,Multiclusterkde,Trip Advisor,9,6.499999999999998,,0.15465152199007468,0.6597175598144531
556,Multiclusterkde,Trip Advisor,9,6.599999999999999,,0.15465152199007468,0.6747095584869385
565,Multiclusterkde,Trip Advisor,9,6.699999999999998,,0.15465152199007468,0.7349352836608887
583,Multiclusterkde,Trip Advisor,9,6.899999999999999,,0.15465152199007468,0.7472639083862305
592,Multiclusterkde,Trip Advisor,9,6.999999999999998,,0.15465152199007468,0.7647278308868408
601,Multiclusterkde,Trip Advisor,9,7.099999999999999,,0.15465152199007468,0.9138970375061035
574,Multiclusterkde,Trip Advisor,9,6.799999999999999,,0.15465152199007468,1.266371726989746
475,Multiclusterkde,Trip Advisor,9,5.699999999999999,,0.15456852885579203,0.4900035858154297
457,Multiclusterkde,Trip Advisor,9,5.499999999999999,,0.15456852885579203,0.6345984935760498
484,Multiclusterkde,Trip Advisor,9,5.799999999999999,,0.15456852885579203,0.7115175724029541
466,Multiclusterkde,Trip Advisor,9,5.599999999999999,,0.15456852885579203,0.732926607131958
493,Multiclusterkde,Trip Advisor,9,5.899999999999999,,0.15456852885579203,0.9565720558166504
610,Multiclusterkde,Trip Advisor,9,7.199999999999998,,0.1545432489626875,0.8146748542785645
385,Multiclusterkde,Trip Advisor,9,4.699999999999999,,0.15417114619786282,0.7181453704833984
367,Multiclusterkde,Trip Advisor,9,4.499999999999999,,0.15417114619786282,0.8674297332763672
331,Multiclusterkde,Trip Advisor,9,4.1,,0.15417114619786282,0.8885478973388672
358,Multiclusterkde,Trip Advisor,9,4.399999999999999,,0.15417114619786282,0.9901797771453857
376,Multiclusterkde,Trip Advisor,9,4.599999999999999,,0.15417114619786282,1.0502996444702148
286,Multiclusterkde,Trip Advisor,9,3.599999999999999,,0.15417114619786282,1.3484220504760742
205,Multiclusterkde,Trip Advisor,9,2.6999999999999993,,0.15371178675118952,3.0223464965820312
187,Multiclusterkde,Trip Advisor,9,2.4999999999999996,,0.1532453995135409,4.929593563079834
196,Multiclusterkde,Trip Advisor,9,2.5999999999999996,,0.1532453995135409,5.679302215576172
178,Multiclusterkde,Trip Advisor,9,2.3999999999999995,,0.15286176897995374,10.903162717819214
160,Multiclusterkde,Trip Advisor,9,2.1999999999999997,,0.15268589899507315,14.525553226470947
169,Multiclusterkde,Trip Advisor,9,2.3,,0.15245463800833184,7.583900690078735
142,Multiclusterkde,Trip Advisor,9,1.9999999999999996,,0.15245463800833184,13.025831699371338
151,Multiclusterkde,Trip Advisor,9,2.0999999999999996,,0.15245463800833184,14.037660360336304
133,Multiclusterkde,Trip Advisor,9,1.8999999999999997,,0.15245463800833184,14.98370361328125
16,Multiclusterkde,Trip Advisor,9,0.6,,0.15209449480212678,2.9513256549835205
34,Multiclusterkde,Trip Advisor,9,0.7999999999999999,,0.15209449480212678,3.4648945331573486
7,Multiclusterkde,Trip Advisor,9,0.5,,0.15209449480212678,4.074444055557251
52,Multiclusterkde,Trip Advisor,9,0.9999999999999999,,0.15209449480212678,4.762174606323242
43,Multiclusterkde,Trip Advisor,9,0.8999999999999999,,0.15209449480212678,5.621158599853516
79,Multiclusterkde,Trip Advisor,9,1.2999999999999998,,0.15209449480212678,7.3787806034088135
88,Multiclusterkde,Trip Advisor,9,1.4,,0.15209449480212678,7.873049736022949
61,Multiclusterkde,Trip Advisor,9,1.0999999999999999,,0.15209449480212678,8.217494249343872
25,Multiclusterkde,Trip Advisor,9,0.7,,0.15209449480212678,11.154258012771606
97,Multiclusterkde,Trip Advisor,9,1.4999999999999998,,0.15209449480212678,11.605939865112305
70,Multiclusterkde,Trip Advisor,9,1.1999999999999997,,0.15209449480212678,14.011852025985718
115,Multiclusterkde,Trip Advisor,9,1.6999999999999997,,0.15209449480212678,20.397237539291382
124,Multiclusterkde,Trip Advisor,9,1.7999999999999998,,0.15209449480212678,20.63565683364868
106,Multiclusterkde,Trip Advisor,9,1.5999999999999996,,0.15209449480212678,30.029427528381348
251,Multiclusterkde,Trip Advisor,10,3.1999999999999993,,0.15171319716319853,1.0489742755889893
231,Multiclusterkde,Trip Advisor,8,2.9999999999999996,,0.1514321678551495,2.8534622192382812
384,Multiclusterkde,Trip Advisor,8,4.699999999999999,,0.15138468674104408,0.7867543697357178
375,Multiclusterkde,Trip Advisor,8,4.599999999999999,,0.15138468674104408,0.8649554252624512
366,Multiclusterkde,Trip Advisor,8,4.499999999999999,,0.15138468674104408,1.0162339210510254
537,Multiclusterkde,Trip Advisor,8,6.399999999999999,,0.15137361698854923,0.5294153690338135
474,Multiclusterkde,Trip Advisor,8,5.699999999999999,,0.1508224224149417,0.5086188316345215
528,Multiclusterkde,Trip Advisor,8,6.299999999999999,,0.1508224224149417,0.5407283306121826
456,Multiclusterkde,Trip Advisor,8,5.499999999999999,,0.1508224224149417,0.6308579444885254
438,Multiclusterkde,Trip Advisor,8,5.299999999999999,,0.1508224224149417,0.6585071086883545
519,Multiclusterkde,Trip Advisor,8,6.199999999999998,,0.1508224224149417,0.6809914112091064
465,Multiclusterkde,Trip Advisor,8,5.599999999999999,,0.1508224224149417,0.8078327178955078
501,Multiclusterkde,Trip Advisor,8,5.999999999999999,,0.1508224224149417,0.8364522457122803
483,Multiclusterkde,Trip Advisor,8,5.799999999999999,,0.1508224224149417,0.8444178104400635
492,Multiclusterkde,Trip Advisor,8,5.899999999999999,,0.1508224224149417,0.9002478122711182
510,Multiclusterkde,Trip Advisor,8,6.099999999999999,,0.1508224224149417,1.3038997650146484
230,Multiclusterkde,Trip Advisor,7,2.9999999999999996,,0.15081008725572134,2.8429839611053467
383,Multiclusterkde,Trip Advisor,7,4.699999999999999,,0.15076568558577014,0.732550859451294
374,Multiclusterkde,Trip Advisor,7,4.599999999999999,,0.15076568558577014,0.852935791015625
365,Multiclusterkde,Trip Advisor,7,4.499999999999999,,0.15076568558577014,0.8957321643829346
536,Multiclusterkde,Trip Advisor,7,6.399999999999999,,0.15075951131227855,0.5130319595336914
339,Multiclusterkde,Trip Advisor,8,4.199999999999999,,0.15067615147155297,0.9436318874359131
402,Multiclusterkde,Trip Advisor,8,4.899999999999999,,0.15063663047073453,0.5035674571990967
411,Multiclusterkde,Trip Advisor,8,4.999999999999999,,0.15063663047073453,0.6794240474700928
393,Multiclusterkde,Trip Advisor,8,4.799999999999999,,0.15063663047073453,0.7308597564697266
330,Multiclusterkde,Trip Advisor,8,4.1,,0.15063663047073453,0.7767863273620605
357,Multiclusterkde,Trip Advisor,8,4.399999999999999,,0.15063663047073453,1.0519893169403076
224,Multiclusterkde,Trip Advisor,10,2.8999999999999995,,0.15058969702771346,1.831632137298584
582,Multiclusterkde,Trip Advisor,8,6.899999999999999,,0.1504352098103379,0.8449721336364746
573,Multiclusterkde,Trip Advisor,8,6.799999999999999,,0.1504352098103379,1.1038591861724854
302,Multiclusterkde,Trip Advisor,7,3.7999999999999994,,0.15037151380662642,0.6629664897918701
600,Multiclusterkde,Trip Advisor,8,7.099999999999999,,0.15027956700726572,1.0761198997497559
233,Multiclusterkde,Trip Advisor,10,2.9999999999999996,,0.1502657499778844,3.369662284851074
473,Multiclusterkde,Trip Advisor,7,5.699999999999999,,0.15020540503056568,0.48457956314086914
437,Multiclusterkde,Trip Advisor,7,5.299999999999999,,0.15020540503056568,0.5882339477539062
455,Multiclusterkde,Trip Advisor,7,5.499999999999999,,0.15020540503056568,0.5983612537384033
527,Multiclusterkde,Trip Advisor,7,6.299999999999999,,0.15020540503056568,0.6089115142822266
518,Multiclusterkde,Trip Advisor,7,6.199999999999998,,0.15020540503056568,0.6711456775665283
482,Multiclusterkde,Trip Advisor,7,5.799999999999999,,0.15020540503056568,0.7072892189025879
464,Multiclusterkde,Trip Advisor,7,5.599999999999999,,0.15020540503056568,0.7539718151092529
500,Multiclusterkde,Trip Advisor,7,5.999999999999999,,0.15020540503056568,0.7592487335205078
491,Multiclusterkde,Trip Advisor,7,5.899999999999999,,0.15020540503056568,0.898859977722168
509,Multiclusterkde,Trip Advisor,7,6.099999999999999,,0.15020540503056568,1.3340377807617188
338,Multiclusterkde,Trip Advisor,7,4.199999999999999,,0.15005501127030016,0.9095687866210938
285,Multiclusterkde,Trip Advisor,8,3.599999999999999,,0.1500459725973695,1.48284912109375
401,Multiclusterkde,Trip Advisor,7,4.899999999999999,,0.1500171967607676,0.5265624523162842
410,Multiclusterkde,Trip Advisor,7,4.999999999999999,,0.1500171967607676,0.6217014789581299
392,Multiclusterkde,Trip Advisor,7,4.799999999999999,,0.1500171967607676,0.6539819240570068
329,Multiclusterkde,Trip Advisor,7,4.1,,0.1500171967607676,0.7619554996490479
356,Multiclusterkde,Trip Advisor,7,4.399999999999999,,0.1500171967607676,0.931877613067627
321,Multiclusterkde,Trip Advisor,8,3.999999999999999,,0.15000078762901248,0.7231595516204834
312,Multiclusterkde,Trip Advisor,8,3.8999999999999995,,0.15000078762901248,0.8052308559417725
591,Multiclusterkde,Trip Advisor,8,6.999999999999998,,0.14998432636434247,0.8080956935882568
555,Multiclusterkde,Trip Advisor,8,6.599999999999999,,0.14996093298503335,0.6289989948272705
546,Multiclusterkde,Trip Advisor,8,6.499999999999998,,0.14996093298503335,0.699941873550415
215,Multiclusterkde,Trip Advisor,10,2.7999999999999994,,0.1499029134099179,2.631556987762451
581,Multiclusterkde,Trip Advisor,7,6.899999999999999,,0.14982553021547002,0.7935614585876465
572,Multiclusterkde,Trip Advisor,7,6.799999999999999,,0.14982553021547002,1.0630617141723633
599,Multiclusterkde,Trip Advisor,7,7.099999999999999,,0.1496722081642687,0.8451418876647949
429,Multiclusterkde,Trip Advisor,8,5.199999999999999,,0.1496118937528248,0.6557052135467529
420,Multiclusterkde,Trip Advisor,8,5.099999999999999,,0.14950943955795024,1.595668077468872
447,Multiclusterkde,Trip Advisor,8,5.399999999999999,,0.14946187689288803,0.8314635753631592
564,Multiclusterkde,Trip Advisor,8,6.699999999999998,,0.1494532656352111,0.6587753295898438
284,Multiclusterkde,Trip Advisor,7,3.599999999999999,,0.14942446703734752,1.5552690029144287
320,Multiclusterkde,Trip Advisor,7,3.999999999999999,,0.14937818477330192,0.6875762939453125
311,Multiclusterkde,Trip Advisor,7,3.8999999999999995,,0.14937818477330192,0.7562637329101562
590,Multiclusterkde,Trip Advisor,7,6.999999999999998,,0.14937686701989222,0.760530948638916
554,Multiclusterkde,Trip Advisor,7,6.599999999999999,,0.14934656661644224,0.7030580043792725
545,Multiclusterkde,Trip Advisor,7,6.499999999999998,,0.14934656661644224,0.7753715515136719
212,Multiclusterkde,Trip Advisor,7,2.7999999999999994,,0.14925716887677482,2.7813289165496826
262,Multiclusterkde,Trip Advisor,3,3.3999999999999995,,0.14908207158779027,2.1532912254333496
609,Multiclusterkde,Trip Advisor,8,7.199999999999998,,0.14908019218084487,0.8197879791259766
428,Multiclusterkde,Trip Advisor,7,5.199999999999999,,0.14899079999953568,0.5968849658966064
419,Multiclusterkde,Trip Advisor,7,5.099999999999999,,0.1488852618489447,0.9364697933197021
350,Multiclusterkde,Trip Advisor,10,4.299999999999999,,0.1488739006245417,0.3116581439971924
563,Multiclusterkde,Trip Advisor,7,6.699999999999998,,0.14884194641089563,0.7033839225769043
446,Multiclusterkde,Trip Advisor,7,5.399999999999999,,0.14883899343285467,0.8446741104125977
221,Multiclusterkde,Trip Advisor,7,2.8999999999999995,,0.14869902032920437,1.9601716995239258
271,Multiclusterkde,Trip Advisor,3,3.499999999999999,,0.14864629664761833,1.3754534721374512
608,Multiclusterkde,Trip Advisor,7,7.199999999999998,,0.14847957407268292,0.8225574493408203
557,Multiclusterkde,Trip Advisor,10,6.599999999999999,,0.14749180742384896,0.7639789581298828
593,Multiclusterkde,Trip Advisor,10,6.999999999999998,,0.14749180742384896,0.7680051326751709
566,Multiclusterkde,Trip Advisor,10,6.699999999999998,,0.14749180742384896,0.7768754959106445
584,Multiclusterkde,Trip Advisor,10,6.899999999999999,,0.14749180742384896,0.7832283973693848
602,Multiclusterkde,Trip Advisor,10,7.099999999999999,,0.14749180742384896,0.94649338722229
575,Multiclusterkde,Trip Advisor,10,6.799999999999999,,0.14749180742384896,1.2108268737792969
611,Multiclusterkde,Trip Advisor,10,7.199999999999998,,0.14732625008375363,0.832970142364502
208,Multiclusterkde,Trip Advisor,3,2.7999999999999994,,0.14721395114992045,2.720419406890869
348,Multiclusterkde,Trip Advisor,8,4.299999999999999,,0.1466068480189241,0.37069106101989746
248,Multiclusterkde,Trip Advisor,7,3.1999999999999993,,0.14647120092590943,0.9881901741027832
289,Multiclusterkde,Trip Advisor,3,3.6999999999999993,,0.1464093484850064,0.7226147651672363
347,Multiclusterkde,Trip Advisor,7,4.299999999999999,,0.1459852271564644,0.4319019317626953
242,Multiclusterkde,Trip Advisor,10,3.0999999999999996,,0.14591900975399308,3.593733787536621
239,Multiclusterkde,Trip Advisor,7,3.0999999999999996,,0.1448139433028765,4.43263578414917
235,Multiclusterkde,Trip Advisor,3,3.0999999999999996,,0.14461487255191724,2.884922981262207
226,Multiclusterkde,Trip Advisor,3,2.9999999999999996,,0.14376092973161264,2.8530166149139404
257,Multiclusterkde,Trip Advisor,7,3.2999999999999994,,0.14254236601272718,1.8979828357696533
261,Multiclusterkde,Trip Advisor,2,3.3999999999999995,,0.14225131865981933,2.066143274307251
244,Multiclusterkde,Trip Advisor,3,3.1999999999999993,,0.14211865768178336,1.2251334190368652
270,Multiclusterkde,Trip Advisor,2,3.499999999999999,,0.1418324762684362,1.6472091674804688
207,Multiclusterkde,Trip Advisor,2,2.7999999999999994,,0.14125207309913176,2.7045493125915527
386,Multiclusterkde,Trip Advisor,10,4.699999999999999,,0.14085083264962417,0.7008299827575684
305,Multiclusterkde,Trip Advisor,10,3.7999999999999994,,0.13994708242557774,0.6189863681793213
288,Multiclusterkde,Trip Advisor,2,3.6999999999999993,,0.13965232408228523,0.6821067333221436
298,Multiclusterkde,Trip Advisor,3,3.7999999999999994,,0.13904979651243055,0.7563705444335938
260,Multiclusterkde,Trip Advisor,10,3.2999999999999994,,0.13856637343674832,1.8905625343322754
253,Multiclusterkde,Trip Advisor,3,3.2999999999999994,,0.13840128948594008,1.7971842288970947
234,Multiclusterkde,Trip Advisor,2,3.0999999999999996,,0.13792395209374703,2.2165963649749756
225,Multiclusterkde,Trip Advisor,2,2.9999999999999996,,0.1375828616649979,2.515719175338745
359,Multiclusterkde,Trip Advisor,10,4.399999999999999,,0.13635496231912744,1.1737949848175049
341,Multiclusterkde,Trip Advisor,10,4.199999999999999,,0.13591107791288265,0.9917070865631104
323,Multiclusterkde,Trip Advisor,10,3.999999999999999,,0.135676001687077,0.591212272644043
314,Multiclusterkde,Trip Advisor,10,3.8999999999999995,,0.135676001687077,0.8733370304107666
243,Multiclusterkde,Trip Advisor,2,3.1999999999999993,,0.13542109933251378,1.2380452156066895
332,Multiclusterkde,Trip Advisor,10,4.1,,0.13509477555425006,0.6938207149505615
377,Multiclusterkde,Trip Advisor,10,4.599999999999999,,0.13497394791799786,0.9346849918365479
368,Multiclusterkde,Trip Advisor,10,4.499999999999999,,0.13497394791799786,1.0332045555114746
404,Multiclusterkde,Trip Advisor,10,4.899999999999999,,0.13431458893157233,0.5540859699249268
395,Multiclusterkde,Trip Advisor,10,4.799999999999999,,0.13431458893157233,0.6698517799377441
413,Multiclusterkde,Trip Advisor,10,4.999999999999999,,0.13431458893157233,0.7234611511230469
440,Multiclusterkde,Trip Advisor,10,5.299999999999999,,0.13425060214974444,0.5472085475921631
530,Multiclusterkde,Trip Advisor,10,6.299999999999999,,0.134044579598248,0.4649801254272461
539,Multiclusterkde,Trip Advisor,10,6.399999999999999,,0.134044579598248,0.545041561126709
521,Multiclusterkde,Trip Advisor,10,6.199999999999998,,0.134044579598248,0.5722100734710693
503,Multiclusterkde,Trip Advisor,10,5.999999999999999,,0.134044579598248,1.1155586242675781
512,Multiclusterkde,Trip Advisor,10,6.099999999999999,,0.134044579598248,1.2396142482757568
216,Multiclusterkde,Trip Advisor,2,2.8999999999999995,,0.1338946641121233,1.880324125289917
476,Multiclusterkde,Trip Advisor,10,5.699999999999999,,0.13389204708774122,0.4540066719055176
458,Multiclusterkde,Trip Advisor,10,5.499999999999999,,0.13389204708774122,0.5388474464416504
467,Multiclusterkde,Trip Advisor,10,5.599999999999999,,0.13389204708774122,0.6374504566192627
494,Multiclusterkde,Trip Advisor,10,5.899999999999999,,0.13389204708774122,0.8925862312316895
485,Multiclusterkde,Trip Advisor,10,5.799999999999999,,0.13389204708774122,0.975365400314331
548,Multiclusterkde,Trip Advisor,10,6.499999999999998,,0.133841186874696,0.6731734275817871
422,Multiclusterkde,Trip Advisor,10,5.099999999999999,,0.13367468297712154,0.9378819465637207
431,Multiclusterkde,Trip Advisor,10,5.199999999999999,,0.13361214697622478,0.6747069358825684
449,Multiclusterkde,Trip Advisor,10,5.399999999999999,,0.13361214697622478,0.788048505783081
287,Multiclusterkde,Trip Advisor,10,3.599999999999999,,0.13343242996045776,1.2255969047546387
206,Multiclusterkde,Trip Advisor,10,2.6999999999999993,,0.1327653560689816,2.701012134552002
188,Multiclusterkde,Trip Advisor,10,2.4999999999999996,,0.1327086267853324,4.804316282272339
297,Multiclusterkde,Trip Advisor,2,3.7999999999999994,,0.13257536260021446,0.6198382377624512
179,Multiclusterkde,Trip Advisor,10,2.3999999999999995,,0.1323259439588466,16.990652084350586
197,Multiclusterkde,Trip Advisor,10,2.5999999999999996,,0.13228683621671844,5.539819002151489
161,Multiclusterkde,Trip Advisor,10,2.1999999999999997,,0.13225452967573367,14.870266199111938
170,Multiclusterkde,Trip Advisor,10,2.3,,0.13218029554309885,8.170643329620361
152,Multiclusterkde,Trip Advisor,10,2.0999999999999996,,0.13218029554309885,13.823290824890137
143,Multiclusterkde,Trip Advisor,10,1.9999999999999996,,0.13218029554309885,14.149839878082275
134,Multiclusterkde,Trip Advisor,10,1.8999999999999997,,0.13218029554309885,14.799248933792114
252,Multiclusterkde,Trip Advisor,2,3.2999999999999994,,0.13195753379066757,1.7447359561920166
17,Multiclusterkde,Trip Advisor,10,0.6,,0.13191272274259142,2.9055075645446777
8,Multiclusterkde,Trip Advisor,10,0.5,,0.13191272274259142,4.076150178909302
35,Multiclusterkde,Trip Advisor,10,0.7999999999999999,,0.13191272274259142,4.89251708984375
53,Multiclusterkde,Trip Advisor,10,0.9999999999999999,,0.13191272274259142,4.999575853347778
44,Multiclusterkde,Trip Advisor,10,0.8999999999999999,,0.13191272274259142,5.733318567276001
80,Multiclusterkde,Trip Advisor,10,1.2999999999999998,,0.13191272274259142,7.941663980484009
62,Multiclusterkde,Trip Advisor,10,1.0999999999999999,,0.13191272274259142,7.988453388214111
26,Multiclusterkde,Trip Advisor,10,0.7,,0.13191272274259142,8.174518823623657
89,Multiclusterkde,Trip Advisor,10,1.4,,0.13191272274259142,8.368512868881226
71,Multiclusterkde,Trip Advisor,10,1.1999999999999997,,0.13191272274259142,12.656636714935303
125,Multiclusterkde,Trip Advisor,10,1.7999999999999998,,0.13191272274259142,21.305969715118408
116,Multiclusterkde,Trip Advisor,10,1.6999999999999997,,0.13191272274259142,21.521743535995483
107,Multiclusterkde,Trip Advisor,10,1.5999999999999996,,0.13191272274259142,26.79778742790222
98,Multiclusterkde,Trip Advisor,10,1.4999999999999998,,0.13191272274259142,42.441800117492676
304,Multiclusterkde,Trip Advisor,9,3.7999999999999994,,0.1318064581008917,0.5981283187866211
198,Multiclusterkde,Trip Advisor,2,2.6999999999999993,,0.13168042751016573,3.0706825256347656
189,Multiclusterkde,Trip Advisor,2,2.5999999999999996,,0.13168042751016573,5.750169277191162
180,Multiclusterkde,Trip Advisor,2,2.4999999999999996,,0.13168042751016573,6.236217737197876
171,Multiclusterkde,Trip Advisor,2,2.3999999999999995,,0.13112436474245473,8.723012924194336
162,Multiclusterkde,Trip Advisor,2,2.3,,0.13112436474245473,11.093495845794678
153,Multiclusterkde,Trip Advisor,2,2.1999999999999997,,0.13112436474245473,15.446479320526123
303,Multiclusterkde,Trip Advisor,8,3.7999999999999994,,0.13070175068297055,0.6520397663116455
369,Multiclusterkde,Trip Advisor,2,4.599999999999999,,0.13015480723420034,0.8316643238067627
378,Multiclusterkde,Trip Advisor,2,4.699999999999999,,0.13015480723420034,1.1148099899291992
360,Multiclusterkde,Trip Advisor,2,4.499999999999999,,0.13015480723420034,1.141857385635376
18,Multiclusterkde,Trip Advisor,2,0.7,,0.13015480723420034,3.0899789333343506
0,Multiclusterkde,Trip Advisor,2,0.5,,0.13015480723420034,3.9762654304504395
9,Multiclusterkde,Trip Advisor,2,0.6,,0.13015480723420034,4.134654998779297
45,Multiclusterkde,Trip Advisor,2,0.9999999999999999,,0.13015480723420034,5.421348333358765
36,Multiclusterkde,Trip Advisor,2,0.8999999999999999,,0.13015480723420034,5.749906063079834
54,Multiclusterkde,Trip Advisor,2,1.0999999999999999,,0.13015480723420034,6.577036142349243
81,Multiclusterkde,Trip Advisor,2,1.4,,0.13015480723420034,8.159810543060303
27,Multiclusterkde,Trip Advisor,2,0.7999999999999999,,0.13015480723420034,9.010308027267456
63,Multiclusterkde,Trip Advisor,2,1.1999999999999997,,0.13015480723420034,9.4447603225708
90,Multiclusterkde,Trip Advisor,2,1.4999999999999998,,0.13015480723420034,10.966147899627686
72,Multiclusterkde,Trip Advisor,2,1.2999999999999998,,0.13015480723420034,11.406431674957275
135,Multiclusterkde,Trip Advisor,2,1.9999999999999996,,0.13015480723420034,12.967613458633423
144,Multiclusterkde,Trip Advisor,2,2.0999999999999996,,0.13015480723420034,13.24301290512085
126,Multiclusterkde,Trip Advisor,2,1.8999999999999997,,0.13015480723420034,14.373208999633789
117,Multiclusterkde,Trip Advisor,2,1.7999999999999998,,0.13015480723420034,21.209421396255493
108,Multiclusterkde,Trip Advisor,2,1.6999999999999997,,0.13015480723420034,27.34099555015564
99,Multiclusterkde,Trip Advisor,2,1.5999999999999996,,0.13015480723420034,37.567729473114014
324,Multiclusterkde,Trip Advisor,2,4.1,,0.12920982826352162,0.7641959190368652
279,Multiclusterkde,Trip Advisor,2,3.599999999999999,,0.12920982826352162,1.397036075592041
351,Multiclusterkde,Trip Advisor,2,4.399999999999999,,0.12887751130296216,0.8344709873199463
273,Multiclusterkde,Trip Advisor,5,3.499999999999999,,0.12875776587946655,1.1758768558502197
264,Multiclusterkde,Trip Advisor,5,3.3999999999999995,,0.12829749158927498,2.109623670578003
291,Multiclusterkde,Trip Advisor,5,3.6999999999999993,,0.1282877587936781,0.65883469581604
625,Multiclusterkde,Trip Advisor,6,7.399999999999999,,0.12751193526283086,0.4965338706970215
616,Multiclusterkde,Trip Advisor,6,7.299999999999999,,0.12751193526283086,0.7895469665527344
315,Multiclusterkde,Trip Advisor,2,3.999999999999999,,0.12706478674880103,0.6153252124786377
396,Multiclusterkde,Trip Advisor,2,4.899999999999999,,0.12706478674880103,0.6553139686584473
405,Multiclusterkde,Trip Advisor,2,4.999999999999999,,0.12706478674880103,0.665679931640625
387,Multiclusterkde,Trip Advisor,2,4.799999999999999,,0.12706478674880103,0.7106447219848633
306,Multiclusterkde,Trip Advisor,2,3.8999999999999995,,0.12706478674880103,0.9078247547149658
432,Multiclusterkde,Trip Advisor,2,5.299999999999999,,0.12706173930364087,0.5510003566741943
450,Multiclusterkde,Trip Advisor,2,5.499999999999999,,0.12706173930364087,0.6160578727722168
333,Multiclusterkde,Trip Advisor,2,4.199999999999999,,0.12706173930364087,0.8280856609344482
522,Multiclusterkde,Trip Advisor,2,6.299999999999999,,0.12688577392594494,0.49634814262390137
468,Multiclusterkde,Trip Advisor,2,5.699999999999999,,0.12688577392594494,0.5123987197875977
531,Multiclusterkde,Trip Advisor,2,6.399999999999999,,0.12688577392594494,0.541567325592041
513,Multiclusterkde,Trip Advisor,2,6.199999999999998,,0.12688577392594494,0.5486621856689453
459,Multiclusterkde,Trip Advisor,2,5.599999999999999,,0.12688577392594494,0.7172186374664307
495,Multiclusterkde,Trip Advisor,2,5.999999999999999,,0.12688577392594494,0.7920691967010498
477,Multiclusterkde,Trip Advisor,2,5.799999999999999,,0.12688577392594494,0.8007440567016602
486,Multiclusterkde,Trip Advisor,2,5.899999999999999,,0.12688577392594494,1.0922224521636963
504,Multiclusterkde,Trip Advisor,2,6.099999999999999,,0.12688577392594494,1.3226594924926758
423,Multiclusterkde,Trip Advisor,2,5.199999999999999,,0.12599060480564203,0.7180979251861572
441,Multiclusterkde,Trip Advisor,2,5.399999999999999,,0.12599060480564203,0.8186604976654053
414,Multiclusterkde,Trip Advisor,2,5.099999999999999,,0.12599060480564203,1.0959601402282715
549,Multiclusterkde,Trip Advisor,2,6.599999999999999,,0.12550206820289672,0.5981583595275879
576,Multiclusterkde,Trip Advisor,2,6.899999999999999,,0.12550206820289672,0.7390005588531494
540,Multiclusterkde,Trip Advisor,2,6.499999999999998,,0.12550206820289672,0.791144609451294
603,Multiclusterkde,Trip Advisor,2,7.199999999999998,,0.12550206820289672,0.8401193618774414
558,Multiclusterkde,Trip Advisor,2,6.699999999999998,,0.12550206820289672,0.864004373550415
585,Multiclusterkde,Trip Advisor,2,6.999999999999998,,0.12550206820289672,0.8694634437561035
612,Multiclusterkde,Trip Advisor,2,7.299999999999999,,0.12550206820289672,0.8829448223114014
594,Multiclusterkde,Trip Advisor,2,7.099999999999999,,0.12550206820289672,0.969001054763794
567,Multiclusterkde,Trip Advisor,2,6.799999999999999,,0.12550206820289672,1.1110970973968506
621,Multiclusterkde,Trip Advisor,2,7.399999999999999,,0.1252501201906188,0.44939732551574707
274,Multiclusterkde,Trip Advisor,6,3.499999999999999,,0.1232528569633103,1.3692176342010498
263,Multiclusterkde,Trip Advisor,4,3.3999999999999995,,0.1230067867549303,2.1184985637664795
292,Multiclusterkde,Trip Advisor,6,3.6999999999999993,,0.12295640384056093,0.728513240814209
272,Multiclusterkde,Trip Advisor,4,3.499999999999999,,0.12250428818339676,1.199570894241333
342,Multiclusterkde,Trip Advisor,2,4.299999999999999,,0.12226151339812674,0.47549867630004883
265,Multiclusterkde,Trip Advisor,6,3.3999999999999995,,0.12208220665855703,2.1099464893341064
290,Multiclusterkde,Trip Advisor,4,3.6999999999999993,,0.12189017636231843,0.6991753578186035
209,Multiclusterkde,Trip Advisor,4,2.7999999999999994,,0.12175260000210372,2.7928404808044434
236,Multiclusterkde,Trip Advisor,4,3.0999999999999996,,0.11931911949882854,3.2873728275299072
299,Multiclusterkde,Trip Advisor,4,3.7999999999999994,,0.11846452036100863,0.7742969989776611
627,Multiclusterkde,Trip Advisor,8,7.399999999999999,,0.11832794122439003,0.4373350143432617
618,Multiclusterkde,Trip Advisor,8,7.299999999999999,,0.11832794122439003,0.8301911354064941
275,Multiclusterkde,Trip Advisor,7,3.499999999999999,,0.11790052575491097,1.3463773727416992
626,Multiclusterkde,Trip Advisor,7,7.399999999999999,,0.1178465489718918,0.4564039707183838
617,Multiclusterkde,Trip Advisor,7,7.299999999999999,,0.1178465489718918,0.772834300994873
293,Multiclusterkde,Trip Advisor,7,3.6999999999999993,,0.11752148438300888,0.6880524158477783
227,Multiclusterkde,Trip Advisor,4,2.9999999999999996,,0.1171250586280345,2.6700663566589355
266,Multiclusterkde,Trip Advisor,7,3.3999999999999995,,0.11666724016891669,2.158939838409424
245,Multiclusterkde,Trip Advisor,4,3.1999999999999993,,0.11510058077525073,1.2595903873443604
218,Multiclusterkde,Trip Advisor,4,2.8999999999999995,,0.11423336461962622,1.781625509262085
217,Multiclusterkde,Trip Advisor,3,2.8999999999999995,,0.11158253711150543,2.0765721797943115
254,Multiclusterkde,Trip Advisor,4,3.2999999999999994,,0.11144950057207256,1.774519443511963
200,Multiclusterkde,Trip Advisor,4,2.6999999999999993,,0.1111727321712517,3.110846519470215
191,Multiclusterkde,Trip Advisor,4,2.5999999999999996,,0.1111727321712517,5.300466775894165
182,Multiclusterkde,Trip Advisor,4,2.4999999999999996,,0.1111727321712517,6.8003153800964355
164,Multiclusterkde,Trip Advisor,4,2.3,,0.11045205759407949,7.441233158111572
173,Multiclusterkde,Trip Advisor,4,2.3999999999999995,,0.11045205759407949,8.81563687324524
155,Multiclusterkde,Trip Advisor,4,2.1999999999999997,,0.11045205759407949,15.760314702987671
628,Multiclusterkde,Trip Advisor,9,7.399999999999999,,0.11008937867042691,0.44724607467651367
619,Multiclusterkde,Trip Advisor,9,7.299999999999999,,0.11008937867042691,0.8152503967285156
362,Multiclusterkde,Trip Advisor,4,4.499999999999999,,0.1093803608788652,0.875626802444458
371,Multiclusterkde,Trip Advisor,4,4.599999999999999,,0.1093803608788652,0.900184154510498
380,Multiclusterkde,Trip Advisor,4,4.699999999999999,,0.1093803608788652,1.0500850677490234
2,Multiclusterkde,Trip Advisor,4,0.5,,0.1093803608788652,2.9683895111083984
20,Multiclusterkde,Trip Advisor,4,0.7,,0.1093803608788652,4.41263747215271
11,Multiclusterkde,Trip Advisor,4,0.6,,0.1093803608788652,4.41641092300415
38,Multiclusterkde,Trip Advisor,4,0.8999999999999999,,0.1093803608788652,4.799774646759033
47,Multiclusterkde,Trip Advisor,4,0.9999999999999999,,0.1093803608788652,5.108029365539551
29,Multiclusterkde,Trip Advisor,4,0.7999999999999999,,0.1093803608788652,5.64428186416626
56,Multiclusterkde,Trip Advisor,4,1.0999999999999999,,0.1093803608788652,6.763953447341919
74,Multiclusterkde,Trip Advisor,4,1.2999999999999998,,0.1093803608788652,7.3439085483551025
83,Multiclusterkde,Trip Advisor,4,1.4,,0.1093803608788652,8.601922988891602
65,Multiclusterkde,Trip Advisor,4,1.1999999999999997,,0.1093803608788652,9.074400186538696
92,Multiclusterkde,Trip Advisor,4,1.4999999999999998,,0.1093803608788652,12.071789026260376
137,Multiclusterkde,Trip Advisor,4,1.9999999999999996,,0.1093803608788652,12.630524158477783
146,Multiclusterkde,Trip Advisor,4,2.0999999999999996,,0.1093803608788652,14.21014142036438
128,Multiclusterkde,Trip Advisor,4,1.8999999999999997,,0.1093803608788652,14.963720321655273
119,Multiclusterkde,Trip Advisor,4,1.7999999999999998,,0.1093803608788652,22.49624490737915
110,Multiclusterkde,Trip Advisor,4,1.6999999999999997,,0.1093803608788652,24.512133598327637
101,Multiclusterkde,Trip Advisor,4,1.5999999999999996,,0.1093803608788652,33.030991315841675
199,Multiclusterkde,Trip Advisor,3,2.6999999999999993,,0.10876217824891805,2.807262420654297
181,Multiclusterkde,Trip Advisor,3,2.4999999999999996,,0.10876217824891805,5.300150156021118
190,Multiclusterkde,Trip Advisor,3,2.5999999999999996,,0.10876217824891805,5.3019349575042725
211,Multiclusterkde,Trip Advisor,6,2.7999999999999994,,0.10820533783490001,2.719769239425659
300,Multiclusterkde,Trip Advisor,5,3.7999999999999994,,0.10815030868718085,0.7333731651306152
326,Multiclusterkde,Trip Advisor,4,4.1,,0.10813800927376607,0.7171509265899658
281,Multiclusterkde,Trip Advisor,4,3.599999999999999,,0.10813800927376607,1.3953819274902344
172,Multiclusterkde,Trip Advisor,3,2.3999999999999995,,0.10806060893103045,8.846457958221436
163,Multiclusterkde,Trip Advisor,3,2.3,,0.10806060893103045,10.028443574905396
154,Multiclusterkde,Trip Advisor,3,2.1999999999999997,,0.10806060893103045,18.564392566680908
353,Multiclusterkde,Trip Advisor,4,4.399999999999999,,0.10772357621044713,0.8952641487121582
370,Multiclusterkde,Trip Advisor,3,4.599999999999999,,0.10682725887458493,0.8793787956237793
379,Multiclusterkde,Trip Advisor,3,4.699999999999999,,0.10682725887458493,0.9474523067474365
361,Multiclusterkde,Trip Advisor,3,4.499999999999999,,0.10682725887458493,1.0214364528656006
1,Multiclusterkde,Trip Advisor,3,0.5,,0.10682725887458493,3.360961437225342
19,Multiclusterkde,Trip Advisor,3,0.7,,0.10682725887458493,3.485069513320923
10,Multiclusterkde,Trip Advisor,3,0.6,,0.10682725887458493,3.663647174835205
37,Multiclusterkde,Trip Advisor,3,0.8999999999999999,,0.10682725887458493,5.2360758781433105
46,Multiclusterkde,Trip Advisor,3,0.9999999999999999,,0.10682725887458493,6.510785102844238
55,Multiclusterkde,Trip Advisor,3,1.0999999999999999,,0.10682725887458493,6.874931335449219
82,Multiclusterkde,Trip Advisor,3,1.4,,0.10682725887458493,8.0030198097229
28,Multiclusterkde,Trip Advisor,3,0.7999999999999999,,0.10682725887458493,8.793962001800537
64,Multiclusterkde,Trip Advisor,3,1.1999999999999997,,0.10682725887458493,9.685697555541992
91,Multiclusterkde,Trip Advisor,3,1.4999999999999998,,0.10682725887458493,11.149165868759155
73,Multiclusterkde,Trip Advisor,3,1.2999999999999998,,0.10682725887458493,11.724581718444824
136,Multiclusterkde,Trip Advisor,3,1.9999999999999996,,0.10682725887458493,12.839378118515015
127,Multiclusterkde,Trip Advisor,3,1.8999999999999997,,0.10682725887458493,14.326002597808838
145,Multiclusterkde,Trip Advisor,3,2.0999999999999996,,0.10682725887458493,14.438039541244507
118,Multiclusterkde,Trip Advisor,3,1.7999999999999998,,0.10682725887458493,22.336410999298096
109,Multiclusterkde,Trip Advisor,3,1.6999999999999997,,0.10682725887458493,27.69148874282837
100,Multiclusterkde,Trip Advisor,3,1.5999999999999996,,0.10682725887458493,38.55825114250183
317,Multiclusterkde,Trip Advisor,4,3.999999999999999,,0.10611426960865582,0.5941710472106934
407,Multiclusterkde,Trip Advisor,4,4.999999999999999,,0.10611426960865582,0.5976285934448242
398,Multiclusterkde,Trip Advisor,4,4.899999999999999,,0.10611426960865582,0.6153790950775146
389,Multiclusterkde,Trip Advisor,4,4.799999999999999,,0.10611426960865582,0.7065632343292236
308,Multiclusterkde,Trip Advisor,4,3.8999999999999995,,0.10611426960865582,0.8136336803436279
434,Multiclusterkde,Trip Advisor,4,5.299999999999999,,0.10591529666944581,0.6374161243438721
452,Multiclusterkde,Trip Advisor,4,5.499999999999999,,0.10591529666944581,0.6455173492431641
335,Multiclusterkde,Trip Advisor,4,4.199999999999999,,0.10591529666944581,0.8116939067840576
325,Multiclusterkde,Trip Advisor,3,4.1,,0.1055983109669187,0.7959444522857666
280,Multiclusterkde,Trip Advisor,3,3.599999999999999,,0.1055983109669187,1.3897850513458252
470,Multiclusterkde,Trip Advisor,4,5.699999999999999,,0.10539513036012058,0.49444007873535156
533,Multiclusterkde,Trip Advisor,4,6.399999999999999,,0.10539513036012058,0.5018758773803711
524,Multiclusterkde,Trip Advisor,4,6.299999999999999,,0.10539513036012058,0.5109899044036865
515,Multiclusterkde,Trip Advisor,4,6.199999999999998,,0.10539513036012058,0.6111533641815186
479,Multiclusterkde,Trip Advisor,4,5.799999999999999,,0.10539513036012058,0.7311592102050781
497,Multiclusterkde,Trip Advisor,4,5.999999999999999,,0.10539513036012058,0.7953047752380371
461,Multiclusterkde,Trip Advisor,4,5.599999999999999,,0.10539513036012058,0.8041572570800781
488,Multiclusterkde,Trip Advisor,4,5.899999999999999,,0.10539513036012058,0.9042017459869385
506,Multiclusterkde,Trip Advisor,4,6.099999999999999,,0.10539513036012058,1.3715505599975586
352,Multiclusterkde,Trip Advisor,3,4.399999999999999,,0.1051712276826142,1.1388702392578125
237,Multiclusterkde,Trip Advisor,5,3.0999999999999996,,0.10478734365888061,3.4325242042541504
425,Multiclusterkde,Trip Advisor,4,5.199999999999999,,0.10438045995859392,0.6511988639831543
416,Multiclusterkde,Trip Advisor,4,5.099999999999999,,0.10438045995859392,0.7590506076812744
443,Multiclusterkde,Trip Advisor,4,5.399999999999999,,0.10438045995859392,0.8284375667572021
238,Multiclusterkde,Trip Advisor,6,3.0999999999999996,,0.10424655670990815,6.050224542617798
551,Multiclusterkde,Trip Advisor,4,6.599999999999999,,0.10374840697544865,0.5897119045257568
542,Multiclusterkde,Trip Advisor,4,6.499999999999998,,0.10374840697544865,0.728219747543335
578,Multiclusterkde,Trip Advisor,4,6.899999999999999,,0.10374840697544865,0.7349593639373779
587,Multiclusterkde,Trip Advisor,4,6.999999999999998,,0.10374840697544865,0.7492990493774414
605,Multiclusterkde,Trip Advisor,4,7.199999999999998,,0.10374840697544865,0.7713189125061035
560,Multiclusterkde,Trip Advisor,4,6.699999999999998,,0.10374840697544865,0.7724792957305908
614,Multiclusterkde,Trip Advisor,4,7.299999999999999,,0.10374840697544865,0.7879738807678223
596,Multiclusterkde,Trip Advisor,4,7.099999999999999,,0.10374840697544865,0.9578704833984375
569,Multiclusterkde,Trip Advisor,4,6.799999999999999,,0.10374840697544865,1.2735159397125244
397,Multiclusterkde,Trip Advisor,3,4.899999999999999,,0.10340763333754323,0.5648865699768066
406,Multiclusterkde,Trip Advisor,3,4.999999999999999,,0.10340763333754323,0.6067683696746826
316,Multiclusterkde,Trip Advisor,3,3.999999999999999,,0.10340763333754323,0.6300027370452881
388,Multiclusterkde,Trip Advisor,3,4.799999999999999,,0.10340763333754323,0.6542677879333496
307,Multiclusterkde,Trip Advisor,3,3.8999999999999995,,0.10340763333754323,0.8468482494354248
623,Multiclusterkde,Trip Advisor,4,7.399999999999999,,0.10331481716521727,0.4582507610321045
433,Multiclusterkde,Trip Advisor,3,5.299999999999999,,0.10321692464301237,0.5400526523590088
451,Multiclusterkde,Trip Advisor,3,5.499999999999999,,0.10321692464301237,0.5863323211669922
334,Multiclusterkde,Trip Advisor,3,4.199999999999999,,0.10321692464301237,0.7918577194213867
469,Multiclusterkde,Trip Advisor,3,5.699999999999999,,0.102666828784559,0.4750709533691406
532,Multiclusterkde,Trip Advisor,3,6.399999999999999,,0.102666828784559,0.4814934730529785
514,Multiclusterkde,Trip Advisor,3,6.199999999999998,,0.102666828784559,0.5051720142364502
523,Multiclusterkde,Trip Advisor,3,6.299999999999999,,0.102666828784559,0.5360832214355469
478,Multiclusterkde,Trip Advisor,3,5.799999999999999,,0.102666828784559,0.7518401145935059
460,Multiclusterkde,Trip Advisor,3,5.599999999999999,,0.102666828784559,0.8285236358642578
496,Multiclusterkde,Trip Advisor,3,5.999999999999999,,0.102666828784559,0.8438448905944824
487,Multiclusterkde,Trip Advisor,3,5.899999999999999,,0.102666828784559,1.0407381057739258
505,Multiclusterkde,Trip Advisor,3,6.099999999999999,,0.102666828784559,1.2700870037078857
424,Multiclusterkde,Trip Advisor,3,5.199999999999999,,0.10164013508526332,0.8210852146148682
415,Multiclusterkde,Trip Advisor,3,5.099999999999999,,0.10164013508526332,0.8526332378387451
442,Multiclusterkde,Trip Advisor,3,5.399999999999999,,0.10164013508526332,0.9370663166046143
550,Multiclusterkde,Trip Advisor,3,6.599999999999999,,0.10102263523977237,0.6523339748382568
559,Multiclusterkde,Trip Advisor,3,6.699999999999998,,0.10102263523977237,0.715139627456665
541,Multiclusterkde,Trip Advisor,3,6.499999999999998,,0.10102263523977237,0.7309756278991699
613,Multiclusterkde,Trip Advisor,3,7.299999999999999,,0.10102263523977237,0.7611026763916016
577,Multiclusterkde,Trip Advisor,3,6.899999999999999,,0.10102263523977237,0.7684926986694336
604,Multiclusterkde,Trip Advisor,3,7.199999999999998,,0.10102263523977237,0.7902514934539795
586,Multiclusterkde,Trip Advisor,3,6.999999999999998,,0.10102263523977237,0.8086609840393066
595,Multiclusterkde,Trip Advisor,3,7.099999999999999,,0.10102263523977237,1.0081346035003662
568,Multiclusterkde,Trip Advisor,3,6.799999999999999,,0.10102263523977237,1.2381775379180908
220,Multiclusterkde,Trip Advisor,6,2.8999999999999995,,0.10059285901717664,2.091892957687378
622,Multiclusterkde,Trip Advisor,3,7.399999999999999,,0.10058397075263677,0.4320952892303467
228,Multiclusterkde,Trip Advisor,5,2.9999999999999996,,0.10029505694145796,2.836266279220581
246,Multiclusterkde,Trip Advisor,5,3.1999999999999993,,0.10005952444547651,1.0752661228179932
210,Multiclusterkde,Trip Advisor,5,2.7999999999999994,,0.09932302496520057,2.747375726699829
344,Multiclusterkde,Trip Advisor,4,4.299999999999999,,0.0991042484277215,0.3271472454071045
255,Multiclusterkde,Trip Advisor,5,3.2999999999999994,,0.09880420937147931,1.8665661811828613
202,Multiclusterkde,Trip Advisor,6,2.6999999999999993,,0.09838359902427186,5.888421058654785
607,Multiclusterkde,Trip Advisor,6,7.199999999999998,,0.09777738235996485,0.7699341773986816
256,Multiclusterkde,Trip Advisor,6,3.2999999999999994,,0.09761423092220463,1.9764444828033447
219,Multiclusterkde,Trip Advisor,5,2.8999999999999995,,0.09749617225222815,2.0986292362213135
201,Multiclusterkde,Trip Advisor,5,2.6999999999999993,,0.0972930319803136,3.6274595260620117
192,Multiclusterkde,Trip Advisor,5,2.5999999999999996,,0.0972930319803136,6.40025782585144
193,Multiclusterkde,Trip Advisor,6,2.5999999999999996,,0.09715913340395367,6.386321067810059
184,Multiclusterkde,Trip Advisor,6,2.4999999999999996,,0.09698805742619081,4.640494108200073
166,Multiclusterkde,Trip Advisor,6,2.3,,0.096796225839068,7.653856515884399
157,Multiclusterkde,Trip Advisor,6,2.1999999999999997,,0.096796225839068,14.334298610687256
175,Multiclusterkde,Trip Advisor,6,2.3999999999999995,,0.096796225839068,15.708432912826538
382,Multiclusterkde,Trip Advisor,6,4.699999999999999,,0.09656686004607164,0.7099483013153076
373,Multiclusterkde,Trip Advisor,6,4.599999999999999,,0.09656686004607164,0.9220514297485352
364,Multiclusterkde,Trip Advisor,6,4.499999999999999,,0.09656686004607164,0.9649572372436523
343,Multiclusterkde,Trip Advisor,3,4.299999999999999,,0.09646006803687548,0.36959362030029297
4,Multiclusterkde,Trip Advisor,6,0.5,,0.09627740313876745,3.364854574203491
13,Multiclusterkde,Trip Advisor,6,0.6,,0.09627740313876745,3.6871302127838135
40,Multiclusterkde,Trip Advisor,6,0.8999999999999999,,0.09627740313876745,4.1599040031433105
31,Multiclusterkde,Trip Advisor,6,0.7999999999999999,,0.09627740313876745,4.880376577377319
49,Multiclusterkde,Trip Advisor,6,0.9999999999999999,,0.09627740313876745,5.199493646621704
22,Multiclusterkde,Trip Advisor,6,0.7,,0.09627740313876745,6.804969072341919
76,Multiclusterkde,Trip Advisor,6,1.2999999999999998,,0.09627740313876745,7.430575609207153
85,Multiclusterkde,Trip Advisor,6,1.4,,0.09627740313876745,9.109649896621704
94,Multiclusterkde,Trip Advisor,6,1.4999999999999998,,0.09627740313876745,11.735366106033325
67,Multiclusterkde,Trip Advisor,6,1.1999999999999997,,0.09627740313876745,12.260294198989868
139,Multiclusterkde,Trip Advisor,6,1.9999999999999996,,0.09627740313876745,13.105315446853638
148,Multiclusterkde,Trip Advisor,6,2.0999999999999996,,0.09627740313876745,14.704708814620972
58,Multiclusterkde,Trip Advisor,6,1.0999999999999999,,0.09627740313876745,14.886575698852539
130,Multiclusterkde,Trip Advisor,6,1.8999999999999997,,0.09627740313876745,14.962324857711792
112,Multiclusterkde,Trip Advisor,6,1.6999999999999997,,0.09627740313876745,20.240448474884033
121,Multiclusterkde,Trip Advisor,6,1.7999999999999998,,0.09627740313876745,20.76865029335022
103,Multiclusterkde,Trip Advisor,6,1.5999999999999996,,0.09627740313876745,32.625797271728516
165,Multiclusterkde,Trip Advisor,5,2.3,,0.096136793817482,7.754568815231323
156,Multiclusterkde,Trip Advisor,5,2.1999999999999997,,0.096136793817482,14.051441192626953
174,Multiclusterkde,Trip Advisor,5,2.3999999999999995,,0.096136793817482,18.995973825454712
183,Multiclusterkde,Trip Advisor,5,2.4999999999999996,,0.09600531401115996,4.910359621047974
328,Multiclusterkde,Trip Advisor,6,4.1,,0.09539907976467196,0.7736263275146484
283,Multiclusterkde,Trip Advisor,6,3.599999999999999,,0.09539513635698087,1.5583741664886475
598,Multiclusterkde,Trip Advisor,6,7.099999999999999,,0.09529432606929988,0.8318102359771729
372,Multiclusterkde,Trip Advisor,5,4.599999999999999,,0.09514105421094733,0.7830526828765869
381,Multiclusterkde,Trip Advisor,5,4.699999999999999,,0.09514105421094733,0.878450870513916
363,Multiclusterkde,Trip Advisor,5,4.499999999999999,,0.09514105421094733,0.997291088104248
3,Multiclusterkde,Trip Advisor,5,0.5,,0.09514105421094733,3.2249410152435303
39,Multiclusterkde,Trip Advisor,5,0.8999999999999999,,0.09514105421094733,3.988361120223999
12,Multiclusterkde,Trip Advisor,5,0.6,,0.09514105421094733,4.738670110702515
48,Multiclusterkde,Trip Advisor,5,0.9999999999999999,,0.09514105421094733,5.046711444854736
30,Multiclusterkde,Trip Advisor,5,0.7999999999999999,,0.09514105421094733,5.281877517700195
57,Multiclusterkde,Trip Advisor,5,1.0999999999999999,,0.09514105421094733,6.505656719207764
21,Multiclusterkde,Trip Advisor,5,0.7,,0.09514105421094733,6.51689076423645
75,Multiclusterkde,Trip Advisor,5,1.2999999999999998,,0.09514105421094733,6.935455560684204
84,Multiclusterkde,Trip Advisor,5,1.4,,0.09514105421094733,7.81301212310791
93,Multiclusterkde,Trip Advisor,5,1.4999999999999998,,0.09514105421094733,11.119606733322144
66,Multiclusterkde,Trip Advisor,5,1.1999999999999997,,0.09514105421094733,11.385398626327515
138,Multiclusterkde,Trip Advisor,5,1.9999999999999996,,0.09514105421094733,13.319525480270386
147,Multiclusterkde,Trip Advisor,5,2.0999999999999996,,0.09514105421094733,14.23572301864624
129,Multiclusterkde,Trip Advisor,5,1.8999999999999997,,0.09514105421094733,15.165695667266846
120,Multiclusterkde,Trip Advisor,5,1.7999999999999998,,0.09514105421094733,21.76376724243164
111,Multiclusterkde,Trip Advisor,5,1.6999999999999997,,0.09514105421094733,24.479296445846558
102,Multiclusterkde,Trip Advisor,5,1.5999999999999996,,0.09514105421094733,27.93027353286743
355,Multiclusterkde,Trip Advisor,6,4.399999999999999,,0.09497543383539463,1.0005309581756592
589,Multiclusterkde,Trip Advisor,6,6.999999999999998,,0.09455471467678933,0.7662677764892578
526,Multiclusterkde,Trip Advisor,6,6.299999999999999,,0.09405379223351557,0.5493276119232178
535,Multiclusterkde,Trip Advisor,6,6.399999999999999,,0.09405379223351557,0.5631895065307617
517,Multiclusterkde,Trip Advisor,6,6.199999999999998,,0.09405379223351557,0.6722331047058105
580,Multiclusterkde,Trip Advisor,6,6.899999999999999,,0.09392385311932441,0.7492518424987793
327,Multiclusterkde,Trip Advisor,5,4.1,,0.09391339265749044,0.6598660945892334
282,Multiclusterkde,Trip Advisor,5,3.599999999999999,,0.09391339265749044,1.5308301448822021
400,Multiclusterkde,Trip Advisor,6,4.899999999999999,,0.09375881938275805,0.591010570526123
391,Multiclusterkde,Trip Advisor,6,4.799999999999999,,0.09375881938275805,0.6484832763671875
409,Multiclusterkde,Trip Advisor,6,4.999999999999999,,0.09375881938275805,0.6848719120025635
571,Multiclusterkde,Trip Advisor,6,6.799999999999999,,0.09356019533711214,1.0927119255065918
354,Multiclusterkde,Trip Advisor,5,4.399999999999999,,0.0935107900948848,1.1689481735229492
319,Multiclusterkde,Trip Advisor,6,3.999999999999999,,0.09337829595326488,0.6497969627380371
310,Multiclusterkde,Trip Advisor,6,3.8999999999999995,,0.09337829595326488,0.8418769836425781
436,Multiclusterkde,Trip Advisor,6,5.299999999999999,,0.09331677407145178,0.5797736644744873
454,Multiclusterkde,Trip Advisor,6,5.499999999999999,,0.09331677407145178,0.6256372928619385
508,Multiclusterkde,Trip Advisor,6,6.099999999999999,,0.09324732033733418,1.2923259735107422
472,Multiclusterkde,Trip Advisor,6,5.699999999999999,,0.09323404610292944,0.4577937126159668
481,Multiclusterkde,Trip Advisor,6,5.799999999999999,,0.09323404610292944,0.7938368320465088
544,Multiclusterkde,Trip Advisor,6,6.499999999999998,,0.09321385709670592,0.7676093578338623
553,Multiclusterkde,Trip Advisor,6,6.599999999999999,,0.09300909130246653,0.6745402812957764
562,Multiclusterkde,Trip Advisor,6,6.699999999999998,,0.09300909130246653,0.7031047344207764
490,Multiclusterkde,Trip Advisor,6,5.899999999999999,,0.0929775868175655,0.8202512264251709
499,Multiclusterkde,Trip Advisor,6,5.999999999999999,,0.0929775868175655,0.920832633972168
463,Multiclusterkde,Trip Advisor,6,5.599999999999999,,0.09291817594852408,0.9126112461090088
337,Multiclusterkde,Trip Advisor,6,4.199999999999999,,0.09274452511550883,0.8634343147277832
418,Multiclusterkde,Trip Advisor,6,5.099999999999999,,0.09219538905857509,0.785942792892456
427,Multiclusterkde,Trip Advisor,6,5.199999999999999,,0.0919392634203773,0.737699031829834
445,Multiclusterkde,Trip Advisor,6,5.399999999999999,,0.0919392634203773,0.7697362899780273
399,Multiclusterkde,Trip Advisor,5,4.899999999999999,,0.09149852585135197,0.5045959949493408
318,Multiclusterkde,Trip Advisor,5,3.999999999999999,,0.09149852585135197,0.6255965232849121
390,Multiclusterkde,Trip Advisor,5,4.799999999999999,,0.09149852585135197,0.7369673252105713
408,Multiclusterkde,Trip Advisor,5,4.999999999999999,,0.09149852585135197,0.8161807060241699
309,Multiclusterkde,Trip Advisor,5,3.8999999999999995,,0.09149852585135197,0.834479808807373
435,Multiclusterkde,Trip Advisor,5,5.299999999999999,,0.09131055908517519,0.5709292888641357
453,Multiclusterkde,Trip Advisor,5,5.499999999999999,,0.09131055908517519,0.7215182781219482
336,Multiclusterkde,Trip Advisor,5,4.199999999999999,,0.09131055908517519,1.0821759700775146
426,Multiclusterkde,Trip Advisor,5,5.199999999999999,,0.09100265454211273,0.7039327621459961
444,Multiclusterkde,Trip Advisor,5,5.399999999999999,,0.09100265454211273,0.8428938388824463
471,Multiclusterkde,Trip Advisor,5,5.699999999999999,,0.09081659971169267,0.4645850658416748
534,Multiclusterkde,Trip Advisor,5,6.399999999999999,,0.09081659971169267,0.5026309490203857
525,Multiclusterkde,Trip Advisor,5,6.299999999999999,,0.09081659971169267,0.5448672771453857
516,Multiclusterkde,Trip Advisor,5,6.199999999999998,,0.09081659971169267,0.5609073638916016
480,Multiclusterkde,Trip Advisor,5,5.799999999999999,,0.09081659971169267,0.8165304660797119
498,Multiclusterkde,Trip Advisor,5,5.999999999999999,,0.09081659971169267,0.829664945602417
462,Multiclusterkde,Trip Advisor,5,5.599999999999999,,0.09081659971169267,0.8533554077148438
489,Multiclusterkde,Trip Advisor,5,5.899999999999999,,0.09081659971169267,0.931420087814331
507,Multiclusterkde,Trip Advisor,5,6.099999999999999,,0.09081659971169267,1.3732333183288574
552,Multiclusterkde,Trip Advisor,5,6.599999999999999,,0.09036909599600904,0.5998742580413818
561,Multiclusterkde,Trip Advisor,5,6.699999999999998,,0.09036909599600904,0.6687817573547363
579,Multiclusterkde,Trip Advisor,5,6.899999999999999,,0.09036909599600904,0.7371265888214111
543,Multiclusterkde,Trip Advisor,5,6.499999999999998,,0.09036909599600904,0.7515640258789062
588,Multiclusterkde,Trip Advisor,5,6.999999999999998,,0.09036909599600904,0.7949206829071045
615,Multiclusterkde,Trip Advisor,5,7.299999999999999,,0.09036909599600904,0.8162791728973389
606,Multiclusterkde,Trip Advisor,5,7.199999999999998,,0.09036909599600904,0.8234450817108154
597,Multiclusterkde,Trip Advisor,5,7.099999999999999,,0.09036909599600904,0.8888664245605469
570,Multiclusterkde,Trip Advisor,5,6.799999999999999,,0.09036909599600904,1.4047534465789795
624,Multiclusterkde,Trip Advisor,5,7.399999999999999,,0.08994053977346204,0.4817936420440674
417,Multiclusterkde,Trip Advisor,5,5.099999999999999,,0.08983417534493238,0.9306213855743408
346,Multiclusterkde,Trip Advisor,6,4.299999999999999,,0.08886236588393781,0.38300204277038574
345,Multiclusterkde,Trip Advisor,5,4.299999999999999,,0.08583518836913119,0.3542146682739258
